ISO-10303-21;
HEADER;
/* Generated by software containing ST-Developer
 * from STEP Tools, Inc. (www.steptools.com) 
 */

FILE_DESCRIPTION(
/* description */ (''),
/* implementation_level */ '2;1');

FILE_NAME(
/* name */ 'prop.step',
/* time_stamp */ '2026-09-25T21:04:23+05:30',
/* author */ (''),
/* organization */ (''),
/* preprocessor_version */ 'ST-DEVELOPER v20.2',
/* originating_system */ 'Autodesk Translation Framework v15.15.0.0',
/* authorisation */ '');

FILE_SCHEMA (('AUTOMOTIVE_DESIGN { 1 0 10303 214 3 1 1 }'));
ENDSEC;

DATA;
#10=MECHANICAL_DESIGN_GEOMETRIC_PRESENTATION_REPRESENTATION('',(#13,#14,
#15,#16,#17),#2819);
#11=SHAPE_REPRESENTATION_RELATIONSHIP('SRR','None',#2826,#12);
#12=ADVANCED_BREP_SHAPE_REPRESENTATION('',(#18,#19,#20,#21,#22),#2818);
#13=STYLED_ITEM('',(#2835),#18);
#14=STYLED_ITEM('',(#2835),#19);
#15=STYLED_ITEM('',(#2835),#20);
#16=STYLED_ITEM('',(#2835),#21);
#17=STYLED_ITEM('',(#2835),#22);
#18=MANIFOLD_SOLID_BREP('Body1',#857);
#19=MANIFOLD_SOLID_BREP('Body4',#858);
#20=MANIFOLD_SOLID_BREP('Body5',#859);
#21=MANIFOLD_SOLID_BREP('Body6',#860);
#22=MANIFOLD_SOLID_BREP('Body7',#861);
#23=FACE_BOUND('',#131,.T.);
#24=FACE_BOUND('',#135,.T.);
#25=B_SPLINE_SURFACE_WITH_KNOTS('',3,3,((#996,#997,#998,#999,#1000,#1001,
#1002,#1003,#1004,#1005,#1006),(#1007,#1008,#1009,#1010,#1011,#1012,#1013,
#1014,#1015,#1016,#1017),(#1018,#1019,#1020,#1021,#1022,#1023,#1024,#1025,
#1026,#1027,#1028),(#1029,#1030,#1031,#1032,#1033,#1034,#1035,#1036,#1037,
#1038,#1039),(#1040,#1041,#1042,#1043,#1044,#1045,#1046,#1047,#1048,#1049,
#1050),(#1051,#1052,#1053,#1054,#1055,#1056,#1057,#1058,#1059,#1060,#1061),
(#1062,#1063,#1064,#1065,#1066,#1067,#1068,#1069,#1070,#1071,#1072)),
 .UNSPECIFIED.,.F.,.F.,.F.,(4,1,1,1,4),(4,1,1,1,1,1,1,1,4),(-1.5707963267949,
-0.673198425769244,-0.224399475256418,0.673198425769234,1.57079632679489),
(0.,0.15707963267949,0.314159265358979,0.471238898038469,0.628318530717959,
0.785398163397448,0.942477796076938,1.09955742875643,1.25663706143592),
 .UNSPECIFIED.);
#26=B_SPLINE_SURFACE_WITH_KNOTS('',3,3,((#1156,#1157,#1158,#1159),(#1160,
#1161,#1162,#1163),(#1164,#1165,#1166,#1167),(#1168,#1169,#1170,#1171),
(#1172,#1173,#1174,#1175),(#1176,#1177,#1178,#1179)),.UNSPECIFIED.,.F.,
 .F.,.F.,(4,1,1,4),(4,4),(0.,0.285714285714286,0.571428571428571,1.),(-0.00978386094766535,
0.0998094392893032),.UNSPECIFIED.);
#27=B_SPLINE_SURFACE_WITH_KNOTS('',3,3,((#1216,#1217,#1218,#1219),(#1220,
#1221,#1222,#1223),(#1224,#1225,#1226,#1227),(#1228,#1229,#1230,#1231),
(#1232,#1233,#1234,#1235)),.UNSPECIFIED.,.F.,.F.,.F.,(4,1,4),(4,4),(0.,
0.362312604986899,0.845396078302764),(0.,0.1),.UNSPECIFIED.);
#28=B_SPLINE_SURFACE_WITH_KNOTS('',3,3,((#1245,#1246,#1247,#1248),(#1249,
#1250,#1251,#1252),(#1253,#1254,#1255,#1256),(#1257,#1258,#1259,#1260),
(#1261,#1262,#1263,#1264),(#1265,#1266,#1267,#1268),(#1269,#1270,#1271,
#1272),(#1273,#1274,#1275,#1276),(#1277,#1278,#1279,#1280),(#1281,#1282,
#1283,#1284)),.UNSPECIFIED.,.F.,.F.,.F.,(4,2,2,2,4),(4,4),(0.,0.444152277205541,
0.717698618202248,0.888563935832998,1.),(0.,1.),.UNSPECIFIED.);
#29=B_SPLINE_SURFACE_WITH_KNOTS('',3,3,((#1324,#1325,#1326,#1327),(#1328,
#1329,#1330,#1331),(#1332,#1333,#1334,#1335),(#1336,#1337,#1338,#1339),
(#1340,#1341,#1342,#1343),(#1344,#1345,#1346,#1347)),.UNSPECIFIED.,.F.,
 .F.,.F.,(4,1,1,4),(4,4),(0.,0.285714285714286,0.571428571428571,1.),(-0.000711350370671929,
0.108351448176538),.UNSPECIFIED.);
#30=B_SPLINE_SURFACE_WITH_KNOTS('',3,3,((#1370,#1371,#1372,#1373),(#1374,
#1375,#1376,#1377),(#1378,#1379,#1380,#1381),(#1382,#1383,#1384,#1385)),
 .UNSPECIFIED.,.F.,.F.,.F.,(4,4),(4,4),(1.11660237322311,1.12577359900349),
(0.,0.1),.UNSPECIFIED.);
#31=B_SPLINE_SURFACE_WITH_KNOTS('',3,3,((#1392,#1393,#1394,#1395),(#1396,
#1397,#1398,#1399),(#1400,#1401,#1402,#1403),(#1404,#1405,#1406,#1407)),
 .UNSPECIFIED.,.F.,.F.,.F.,(4,4),(4,4),(0.558138212457642,1.11660237322311),
(0.,0.1),.UNSPECIFIED.);
#32=B_SPLINE_SURFACE_WITH_KNOTS('',3,3,((#1414,#1415,#1416,#1417),(#1418,
#1419,#1420,#1421),(#1422,#1423,#1424,#1425),(#1426,#1427,#1428,#1429)),
 .UNSPECIFIED.,.F.,.F.,.F.,(4,4),(4,4),(0.133504462593139,0.558138212457642),
(0.,0.1),.UNSPECIFIED.);
#33=B_SPLINE_SURFACE_WITH_KNOTS('',3,3,((#1434,#1435,#1436,#1437),(#1438,
#1439,#1440,#1441),(#1442,#1443,#1444,#1445),(#1446,#1447,#1448,#1449)),
 .UNSPECIFIED.,.F.,.F.,.F.,(4,4),(4,4),(0.,0.898128821396898),(0.,0.1),
 .UNSPECIFIED.);
#34=B_SPLINE_SURFACE_WITH_KNOTS('',3,3,((#1456,#1457,#1458,#1459,#1460,
#1461),(#1462,#1463,#1464,#1465,#1466,#1467),(#1468,#1469,#1470,#1471,#1472,
#1473),(#1474,#1475,#1476,#1477,#1478,#1479),(#1480,#1481,#1482,#1483,#1484,
#1485),(#1486,#1487,#1488,#1489,#1490,#1491),(#1492,#1493,#1494,#1495,#1496,
#1497),(#1498,#1499,#1500,#1501,#1502,#1503),(#1504,#1505,#1506,#1507,#1508,
#1509),(#1510,#1511,#1512,#1513,#1514,#1515)),.UNSPECIFIED.,.F.,.F.,.F.,
(4,2,2,2,4),(4,1,1,4),(0.,0.444152277205541,0.717698618202248,0.888563935832998,
1.),(0.,0.285714285714286,0.571428571428571,1.),.UNSPECIFIED.);
#35=B_SPLINE_SURFACE_WITH_KNOTS('',3,3,((#1530,#1531,#1532,#1533),(#1534,
#1535,#1536,#1537),(#1538,#1539,#1540,#1541),(#1542,#1543,#1544,#1545)),
 .UNSPECIFIED.,.F.,.F.,.F.,(4,4),(4,4),(0.898128821396898,1.25140107367993),
(0.,0.1),.UNSPECIFIED.);
#36=B_SPLINE_SURFACE_WITH_KNOTS('',3,3,((#1547,#1548,#1549,#1550),(#1551,
#1552,#1553,#1554),(#1555,#1556,#1557,#1558),(#1559,#1560,#1561,#1562),
(#1563,#1564,#1565,#1566),(#1567,#1568,#1569,#1570)),.UNSPECIFIED.,.F.,
 .F.,.F.,(4,1,1,4),(4,4),(0.,0.242442758038569,0.484885516077138,0.848549653134991),
(0.,0.1),.UNSPECIFIED.);
#37=B_SPLINE_SURFACE_WITH_KNOTS('',3,3,((#1571,#1572,#1573,#1574),(#1575,
#1576,#1577,#1578),(#1579,#1580,#1581,#1582),(#1583,#1584,#1585,#1586),
(#1587,#1588,#1589,#1590),(#1591,#1592,#1593,#1594)),.UNSPECIFIED.,.F.,
 .F.,.F.,(4,1,1,4),(4,4),(0.,0.285714285714286,0.571428571428571,1.),(-0.00978386094766535,
0.0998094392893032),.UNSPECIFIED.);
#38=B_SPLINE_SURFACE_WITH_KNOTS('',3,3,((#1631,#1632,#1633,#1634),(#1635,
#1636,#1637,#1638),(#1639,#1640,#1641,#1642),(#1643,#1644,#1645,#1646),
(#1647,#1648,#1649,#1650)),.UNSPECIFIED.,.F.,.F.,.F.,(4,1,4),(4,4),(0.,
0.362312604986899,0.845396078302764),(0.,0.1),.UNSPECIFIED.);
#39=B_SPLINE_SURFACE_WITH_KNOTS('',3,3,((#1660,#1661,#1662,#1663),(#1664,
#1665,#1666,#1667),(#1668,#1669,#1670,#1671),(#1672,#1673,#1674,#1675),
(#1676,#1677,#1678,#1679),(#1680,#1681,#1682,#1683),(#1684,#1685,#1686,
#1687),(#1688,#1689,#1690,#1691),(#1692,#1693,#1694,#1695),(#1696,#1697,
#1698,#1699)),.UNSPECIFIED.,.F.,.F.,.F.,(4,2,2,2,4),(4,4),(0.,0.444152277205541,
0.717698618202248,0.888563935832998,1.),(0.,1.),.UNSPECIFIED.);
#40=B_SPLINE_SURFACE_WITH_KNOTS('',3,3,((#1739,#1740,#1741,#1742),(#1743,
#1744,#1745,#1746),(#1747,#1748,#1749,#1750),(#1751,#1752,#1753,#1754),
(#1755,#1756,#1757,#1758),(#1759,#1760,#1761,#1762)),.UNSPECIFIED.,.F.,
 .F.,.F.,(4,1,1,4),(4,4),(0.,0.285714285714286,0.571428571428571,1.),(-0.000711350370671929,
0.108351448176538),.UNSPECIFIED.);
#41=B_SPLINE_SURFACE_WITH_KNOTS('',3,3,((#1785,#1786,#1787,#1788),(#1789,
#1790,#1791,#1792),(#1793,#1794,#1795,#1796),(#1797,#1798,#1799,#1800)),
 .UNSPECIFIED.,.F.,.F.,.F.,(4,4),(4,4),(1.11660237322311,1.12577359900349),
(0.,0.1),.UNSPECIFIED.);
#42=B_SPLINE_SURFACE_WITH_KNOTS('',3,3,((#1807,#1808,#1809,#1810),(#1811,
#1812,#1813,#1814),(#1815,#1816,#1817,#1818),(#1819,#1820,#1821,#1822)),
 .UNSPECIFIED.,.F.,.F.,.F.,(4,4),(4,4),(0.558138212457642,1.11660237322311),
(0.,0.1),.UNSPECIFIED.);
#43=B_SPLINE_SURFACE_WITH_KNOTS('',3,3,((#1829,#1830,#1831,#1832),(#1833,
#1834,#1835,#1836),(#1837,#1838,#1839,#1840),(#1841,#1842,#1843,#1844)),
 .UNSPECIFIED.,.F.,.F.,.F.,(4,4),(4,4),(0.133504462593139,0.558138212457642),
(0.,0.1),.UNSPECIFIED.);
#44=B_SPLINE_SURFACE_WITH_KNOTS('',3,3,((#1849,#1850,#1851,#1852),(#1853,
#1854,#1855,#1856),(#1857,#1858,#1859,#1860),(#1861,#1862,#1863,#1864)),
 .UNSPECIFIED.,.F.,.F.,.F.,(4,4),(4,4),(0.,0.898128821396898),(0.,0.1),
 .UNSPECIFIED.);
#45=B_SPLINE_SURFACE_WITH_KNOTS('',3,3,((#1871,#1872,#1873,#1874,#1875,
#1876),(#1877,#1878,#1879,#1880,#1881,#1882),(#1883,#1884,#1885,#1886,#1887,
#1888),(#1889,#1890,#1891,#1892,#1893,#1894),(#1895,#1896,#1897,#1898,#1899,
#1900),(#1901,#1902,#1903,#1904,#1905,#1906),(#1907,#1908,#1909,#1910,#1911,
#1912),(#1913,#1914,#1915,#1916,#1917,#1918),(#1919,#1920,#1921,#1922,#1923,
#1924),(#1925,#1926,#1927,#1928,#1929,#1930)),.UNSPECIFIED.,.F.,.F.,.F.,
(4,2,2,2,4),(4,1,1,4),(0.,0.444152277205541,0.717698618202248,0.888563935832998,
1.),(0.,0.285714285714286,0.571428571428571,1.),.UNSPECIFIED.);
#46=B_SPLINE_SURFACE_WITH_KNOTS('',3,3,((#1945,#1946,#1947,#1948),(#1949,
#1950,#1951,#1952),(#1953,#1954,#1955,#1956),(#1957,#1958,#1959,#1960)),
 .UNSPECIFIED.,.F.,.F.,.F.,(4,4),(4,4),(0.898128821396898,1.25140107367993),
(0.,0.1),.UNSPECIFIED.);
#47=B_SPLINE_SURFACE_WITH_KNOTS('',3,3,((#1962,#1963,#1964,#1965),(#1966,
#1967,#1968,#1969),(#1970,#1971,#1972,#1973),(#1974,#1975,#1976,#1977),
(#1978,#1979,#1980,#1981),(#1982,#1983,#1984,#1985)),.UNSPECIFIED.,.F.,
 .F.,.F.,(4,1,1,4),(4,4),(0.,0.242442758038569,0.484885516077138,0.848549653134991),
(0.,0.1),.UNSPECIFIED.);
#48=B_SPLINE_SURFACE_WITH_KNOTS('',3,3,((#1986,#1987,#1988,#1989),(#1990,
#1991,#1992,#1993),(#1994,#1995,#1996,#1997),(#1998,#1999,#2000,#2001),
(#2002,#2003,#2004,#2005),(#2006,#2007,#2008,#2009)),.UNSPECIFIED.,.F.,
 .F.,.F.,(4,1,1,4),(4,4),(0.,0.285714285714286,0.571428571428571,1.),(-0.00978386094766535,
0.0998094392893032),.UNSPECIFIED.);
#49=B_SPLINE_SURFACE_WITH_KNOTS('',3,3,((#2046,#2047,#2048,#2049),(#2050,
#2051,#2052,#2053),(#2054,#2055,#2056,#2057),(#2058,#2059,#2060,#2061),
(#2062,#2063,#2064,#2065)),.UNSPECIFIED.,.F.,.F.,.F.,(4,1,4),(4,4),(0.,
0.362312604986899,0.845396078302764),(0.,0.1),.UNSPECIFIED.);
#50=B_SPLINE_SURFACE_WITH_KNOTS('',3,3,((#2075,#2076,#2077,#2078),(#2079,
#2080,#2081,#2082),(#2083,#2084,#2085,#2086),(#2087,#2088,#2089,#2090),
(#2091,#2092,#2093,#2094),(#2095,#2096,#2097,#2098),(#2099,#2100,#2101,
#2102),(#2103,#2104,#2105,#2106),(#2107,#2108,#2109,#2110),(#2111,#2112,
#2113,#2114)),.UNSPECIFIED.,.F.,.F.,.F.,(4,2,2,2,4),(4,4),(0.,0.444152277205541,
0.717698618202248,0.888563935832998,1.),(0.,1.),.UNSPECIFIED.);
#51=B_SPLINE_SURFACE_WITH_KNOTS('',3,3,((#2154,#2155,#2156,#2157),(#2158,
#2159,#2160,#2161),(#2162,#2163,#2164,#2165),(#2166,#2167,#2168,#2169),
(#2170,#2171,#2172,#2173),(#2174,#2175,#2176,#2177)),.UNSPECIFIED.,.F.,
 .F.,.F.,(4,1,1,4),(4,4),(0.,0.285714285714286,0.571428571428571,1.),(-0.000711350370671929,
0.108351448176538),.UNSPECIFIED.);
#52=B_SPLINE_SURFACE_WITH_KNOTS('',3,3,((#2200,#2201,#2202,#2203),(#2204,
#2205,#2206,#2207),(#2208,#2209,#2210,#2211),(#2212,#2213,#2214,#2215)),
 .UNSPECIFIED.,.F.,.F.,.F.,(4,4),(4,4),(1.11660237322311,1.12577359900349),
(0.,0.1),.UNSPECIFIED.);
#53=B_SPLINE_SURFACE_WITH_KNOTS('',3,3,((#2222,#2223,#2224,#2225),(#2226,
#2227,#2228,#2229),(#2230,#2231,#2232,#2233),(#2234,#2235,#2236,#2237)),
 .UNSPECIFIED.,.F.,.F.,.F.,(4,4),(4,4),(0.558138212457642,1.11660237322311),
(0.,0.1),.UNSPECIFIED.);
#54=B_SPLINE_SURFACE_WITH_KNOTS('',3,3,((#2244,#2245,#2246,#2247),(#2248,
#2249,#2250,#2251),(#2252,#2253,#2254,#2255),(#2256,#2257,#2258,#2259)),
 .UNSPECIFIED.,.F.,.F.,.F.,(4,4),(4,4),(0.133504462593139,0.558138212457642),
(0.,0.1),.UNSPECIFIED.);
#55=B_SPLINE_SURFACE_WITH_KNOTS('',3,3,((#2264,#2265,#2266,#2267),(#2268,
#2269,#2270,#2271),(#2272,#2273,#2274,#2275),(#2276,#2277,#2278,#2279)),
 .UNSPECIFIED.,.F.,.F.,.F.,(4,4),(4,4),(0.,0.898128821396898),(0.,0.1),
 .UNSPECIFIED.);
#56=B_SPLINE_SURFACE_WITH_KNOTS('',3,3,((#2286,#2287,#2288,#2289,#2290,
#2291),(#2292,#2293,#2294,#2295,#2296,#2297),(#2298,#2299,#2300,#2301,#2302,
#2303),(#2304,#2305,#2306,#2307,#2308,#2309),(#2310,#2311,#2312,#2313,#2314,
#2315),(#2316,#2317,#2318,#2319,#2320,#2321),(#2322,#2323,#2324,#2325,#2326,
#2327),(#2328,#2329,#2330,#2331,#2332,#2333),(#2334,#2335,#2336,#2337,#2338,
#2339),(#2340,#2341,#2342,#2343,#2344,#2345)),.UNSPECIFIED.,.F.,.F.,.F.,
(4,2,2,2,4),(4,1,1,4),(0.,0.444152277205541,0.717698618202248,0.888563935832998,
1.),(0.,0.285714285714286,0.571428571428571,1.),.UNSPECIFIED.);
#57=B_SPLINE_SURFACE_WITH_KNOTS('',3,3,((#2360,#2361,#2362,#2363),(#2364,
#2365,#2366,#2367),(#2368,#2369,#2370,#2371),(#2372,#2373,#2374,#2375)),
 .UNSPECIFIED.,.F.,.F.,.F.,(4,4),(4,4),(0.898128821396898,1.25140107367993),
(0.,0.1),.UNSPECIFIED.);
#58=B_SPLINE_SURFACE_WITH_KNOTS('',3,3,((#2377,#2378,#2379,#2380),(#2381,
#2382,#2383,#2384),(#2385,#2386,#2387,#2388),(#2389,#2390,#2391,#2392),
(#2393,#2394,#2395,#2396),(#2397,#2398,#2399,#2400)),.UNSPECIFIED.,.F.,
 .F.,.F.,(4,1,1,4),(4,4),(0.,0.242442758038569,0.484885516077138,0.848549653134991),
(0.,0.1),.UNSPECIFIED.);
#59=B_SPLINE_SURFACE_WITH_KNOTS('',3,3,((#2401,#2402,#2403,#2404),(#2405,
#2406,#2407,#2408),(#2409,#2410,#2411,#2412),(#2413,#2414,#2415,#2416),
(#2417,#2418,#2419,#2420),(#2421,#2422,#2423,#2424)),.UNSPECIFIED.,.F.,
 .F.,.F.,(4,1,1,4),(4,4),(0.,0.285714285714286,0.571428571428571,1.),(-0.00978386094766535,
0.0998094392893032),.UNSPECIFIED.);
#60=B_SPLINE_SURFACE_WITH_KNOTS('',3,3,((#2461,#2462,#2463,#2464),(#2465,
#2466,#2467,#2468),(#2469,#2470,#2471,#2472),(#2473,#2474,#2475,#2476),
(#2477,#2478,#2479,#2480)),.UNSPECIFIED.,.F.,.F.,.F.,(4,1,4),(4,4),(0.,
0.362312604986899,0.845396078302764),(0.,0.1),.UNSPECIFIED.);
#61=B_SPLINE_SURFACE_WITH_KNOTS('',3,3,((#2490,#2491,#2492,#2493),(#2494,
#2495,#2496,#2497),(#2498,#2499,#2500,#2501),(#2502,#2503,#2504,#2505),
(#2506,#2507,#2508,#2509),(#2510,#2511,#2512,#2513),(#2514,#2515,#2516,
#2517),(#2518,#2519,#2520,#2521),(#2522,#2523,#2524,#2525),(#2526,#2527,
#2528,#2529)),.UNSPECIFIED.,.F.,.F.,.F.,(4,2,2,2,4),(4,4),(0.,0.444152277205541,
0.717698618202248,0.888563935832998,1.),(0.,1.),.UNSPECIFIED.);
#62=B_SPLINE_SURFACE_WITH_KNOTS('',3,3,((#2569,#2570,#2571,#2572),(#2573,
#2574,#2575,#2576),(#2577,#2578,#2579,#2580),(#2581,#2582,#2583,#2584),
(#2585,#2586,#2587,#2588),(#2589,#2590,#2591,#2592)),.UNSPECIFIED.,.F.,
 .F.,.F.,(4,1,1,4),(4,4),(0.,0.285714285714286,0.571428571428571,1.),(-0.000711350370671929,
0.108351448176538),.UNSPECIFIED.);
#63=B_SPLINE_SURFACE_WITH_KNOTS('',3,3,((#2615,#2616,#2617,#2618),(#2619,
#2620,#2621,#2622),(#2623,#2624,#2625,#2626),(#2627,#2628,#2629,#2630)),
 .UNSPECIFIED.,.F.,.F.,.F.,(4,4),(4,4),(1.11660237322311,1.12577359900349),
(0.,0.1),.UNSPECIFIED.);
#64=B_SPLINE_SURFACE_WITH_KNOTS('',3,3,((#2637,#2638,#2639,#2640),(#2641,
#2642,#2643,#2644),(#2645,#2646,#2647,#2648),(#2649,#2650,#2651,#2652)),
 .UNSPECIFIED.,.F.,.F.,.F.,(4,4),(4,4),(0.558138212457642,1.11660237322311),
(0.,0.1),.UNSPECIFIED.);
#65=B_SPLINE_SURFACE_WITH_KNOTS('',3,3,((#2659,#2660,#2661,#2662),(#2663,
#2664,#2665,#2666),(#2667,#2668,#2669,#2670),(#2671,#2672,#2673,#2674)),
 .UNSPECIFIED.,.F.,.F.,.F.,(4,4),(4,4),(0.133504462593139,0.558138212457642),
(0.,0.1),.UNSPECIFIED.);
#66=B_SPLINE_SURFACE_WITH_KNOTS('',3,3,((#2679,#2680,#2681,#2682),(#2683,
#2684,#2685,#2686),(#2687,#2688,#2689,#2690),(#2691,#2692,#2693,#2694)),
 .UNSPECIFIED.,.F.,.F.,.F.,(4,4),(4,4),(0.,0.898128821396898),(0.,0.1),
 .UNSPECIFIED.);
#67=B_SPLINE_SURFACE_WITH_KNOTS('',3,3,((#2701,#2702,#2703,#2704,#2705,
#2706),(#2707,#2708,#2709,#2710,#2711,#2712),(#2713,#2714,#2715,#2716,#2717,
#2718),(#2719,#2720,#2721,#2722,#2723,#2724),(#2725,#2726,#2727,#2728,#2729,
#2730),(#2731,#2732,#2733,#2734,#2735,#2736),(#2737,#2738,#2739,#2740,#2741,
#2742),(#2743,#2744,#2745,#2746,#2747,#2748),(#2749,#2750,#2751,#2752,#2753,
#2754),(#2755,#2756,#2757,#2758,#2759,#2760)),.UNSPECIFIED.,.F.,.F.,.F.,
(4,2,2,2,4),(4,1,1,4),(0.,0.444152277205541,0.717698618202248,0.888563935832998,
1.),(0.,0.285714285714286,0.571428571428571,1.),.UNSPECIFIED.);
#68=B_SPLINE_SURFACE_WITH_KNOTS('',3,3,((#2775,#2776,#2777,#2778),(#2779,
#2780,#2781,#2782),(#2783,#2784,#2785,#2786),(#2787,#2788,#2789,#2790)),
 .UNSPECIFIED.,.F.,.F.,.F.,(4,4),(4,4),(0.898128821396898,1.25140107367993),
(0.,0.1),.UNSPECIFIED.);
#69=B_SPLINE_SURFACE_WITH_KNOTS('',3,3,((#2792,#2793,#2794,#2795),(#2796,
#2797,#2798,#2799),(#2800,#2801,#2802,#2803),(#2804,#2805,#2806,#2807),
(#2808,#2809,#2810,#2811),(#2812,#2813,#2814,#2815)),.UNSPECIFIED.,.F.,
 .F.,.F.,(4,1,1,4),(4,4),(0.,0.242442758038569,0.484885516077138,0.848549653134991),
(0.,0.1),.UNSPECIFIED.);
#70=PLANE('',#878);
#71=PLANE('',#881);
#72=PLANE('',#882);
#73=PLANE('',#889);
#74=FACE_OUTER_BOUND('',#126,.T.);
#75=FACE_OUTER_BOUND('',#127,.T.);
#76=FACE_OUTER_BOUND('',#128,.T.);
#77=FACE_OUTER_BOUND('',#129,.T.);
#78=FACE_OUTER_BOUND('',#130,.T.);
#79=FACE_OUTER_BOUND('',#132,.T.);
#80=FACE_OUTER_BOUND('',#133,.T.);
#81=FACE_OUTER_BOUND('',#134,.T.);
#82=FACE_OUTER_BOUND('',#136,.T.);
#83=FACE_OUTER_BOUND('',#137,.T.);
#84=FACE_OUTER_BOUND('',#138,.T.);
#85=FACE_OUTER_BOUND('',#139,.T.);
#86=FACE_OUTER_BOUND('',#140,.T.);
#87=FACE_OUTER_BOUND('',#141,.T.);
#88=FACE_OUTER_BOUND('',#142,.T.);
#89=FACE_OUTER_BOUND('',#143,.T.);
#90=FACE_OUTER_BOUND('',#144,.T.);
#91=FACE_OUTER_BOUND('',#145,.T.);
#92=FACE_OUTER_BOUND('',#146,.T.);
#93=FACE_OUTER_BOUND('',#147,.T.);
#94=FACE_OUTER_BOUND('',#148,.T.);
#95=FACE_OUTER_BOUND('',#149,.T.);
#96=FACE_OUTER_BOUND('',#150,.T.);
#97=FACE_OUTER_BOUND('',#151,.T.);
#98=FACE_OUTER_BOUND('',#152,.T.);
#99=FACE_OUTER_BOUND('',#153,.T.);
#100=FACE_OUTER_BOUND('',#154,.T.);
#101=FACE_OUTER_BOUND('',#155,.T.);
#102=FACE_OUTER_BOUND('',#156,.T.);
#103=FACE_OUTER_BOUND('',#157,.T.);
#104=FACE_OUTER_BOUND('',#158,.T.);
#105=FACE_OUTER_BOUND('',#159,.T.);
#106=FACE_OUTER_BOUND('',#160,.T.);
#107=FACE_OUTER_BOUND('',#161,.T.);
#108=FACE_OUTER_BOUND('',#162,.T.);
#109=FACE_OUTER_BOUND('',#163,.T.);
#110=FACE_OUTER_BOUND('',#164,.T.);
#111=FACE_OUTER_BOUND('',#165,.T.);
#112=FACE_OUTER_BOUND('',#166,.T.);
#113=FACE_OUTER_BOUND('',#167,.T.);
#114=FACE_OUTER_BOUND('',#168,.T.);
#115=FACE_OUTER_BOUND('',#169,.T.);
#116=FACE_OUTER_BOUND('',#170,.T.);
#117=FACE_OUTER_BOUND('',#171,.T.);
#118=FACE_OUTER_BOUND('',#172,.T.);
#119=FACE_OUTER_BOUND('',#173,.T.);
#120=FACE_OUTER_BOUND('',#174,.T.);
#121=FACE_OUTER_BOUND('',#175,.T.);
#122=FACE_OUTER_BOUND('',#176,.T.);
#123=FACE_OUTER_BOUND('',#177,.T.);
#124=FACE_OUTER_BOUND('',#178,.T.);
#125=FACE_OUTER_BOUND('',#179,.T.);
#126=EDGE_LOOP('',(#550,#551,#552,#553,#554));
#127=EDGE_LOOP('',(#555,#556,#557));
#128=EDGE_LOOP('',(#558,#559,#560,#561,#562,#563));
#129=EDGE_LOOP('',(#564,#565,#566));
#130=EDGE_LOOP('',(#567,#568,#569,#570));
#131=EDGE_LOOP('',(#571));
#132=EDGE_LOOP('',(#572,#573,#574,#575));
#133=EDGE_LOOP('',(#576,#577,#578,#579,#580));
#134=EDGE_LOOP('',(#581,#582,#583,#584));
#135=EDGE_LOOP('',(#585));
#136=EDGE_LOOP('',(#586,#587,#588,#589));
#137=EDGE_LOOP('',(#590,#591,#592,#593));
#138=EDGE_LOOP('',(#594,#595,#596,#597,#598,#599,#600,#601,#602));
#139=EDGE_LOOP('',(#603,#604,#605,#606));
#140=EDGE_LOOP('',(#607,#608,#609,#610));
#141=EDGE_LOOP('',(#611,#612,#613,#614));
#142=EDGE_LOOP('',(#615,#616,#617,#618));
#143=EDGE_LOOP('',(#619,#620,#621,#622));
#144=EDGE_LOOP('',(#623,#624,#625,#626,#627,#628,#629,#630,#631));
#145=EDGE_LOOP('',(#632,#633,#634,#635));
#146=EDGE_LOOP('',(#636,#637,#638,#639));
#147=EDGE_LOOP('',(#640,#641,#642,#643));
#148=EDGE_LOOP('',(#644,#645,#646,#647));
#149=EDGE_LOOP('',(#648,#649,#650,#651,#652,#653,#654,#655,#656));
#150=EDGE_LOOP('',(#657,#658,#659,#660));
#151=EDGE_LOOP('',(#661,#662,#663,#664));
#152=EDGE_LOOP('',(#665,#666,#667,#668));
#153=EDGE_LOOP('',(#669,#670,#671,#672));
#154=EDGE_LOOP('',(#673,#674,#675,#676));
#155=EDGE_LOOP('',(#677,#678,#679,#680,#681,#682,#683,#684,#685));
#156=EDGE_LOOP('',(#686,#687,#688,#689));
#157=EDGE_LOOP('',(#690,#691,#692,#693));
#158=EDGE_LOOP('',(#694,#695,#696,#697));
#159=EDGE_LOOP('',(#698,#699,#700,#701));
#160=EDGE_LOOP('',(#702,#703,#704,#705,#706,#707,#708,#709,#710));
#161=EDGE_LOOP('',(#711,#712,#713,#714));
#162=EDGE_LOOP('',(#715,#716,#717,#718));
#163=EDGE_LOOP('',(#719,#720,#721,#722));
#164=EDGE_LOOP('',(#723,#724,#725,#726));
#165=EDGE_LOOP('',(#727,#728,#729,#730));
#166=EDGE_LOOP('',(#731,#732,#733,#734,#735,#736,#737,#738,#739));
#167=EDGE_LOOP('',(#740,#741,#742,#743));
#168=EDGE_LOOP('',(#744,#745,#746,#747));
#169=EDGE_LOOP('',(#748,#749,#750,#751));
#170=EDGE_LOOP('',(#752,#753,#754,#755));
#171=EDGE_LOOP('',(#756,#757,#758,#759,#760,#761,#762,#763,#764));
#172=EDGE_LOOP('',(#765,#766,#767,#768));
#173=EDGE_LOOP('',(#769,#770,#771,#772));
#174=EDGE_LOOP('',(#773,#774,#775,#776));
#175=EDGE_LOOP('',(#777,#778,#779,#780));
#176=EDGE_LOOP('',(#781,#782,#783,#784));
#177=EDGE_LOOP('',(#785,#786,#787,#788,#789,#790,#791,#792,#793));
#178=EDGE_LOOP('',(#794,#795,#796,#797));
#179=EDGE_LOOP('',(#798,#799,#800,#801));
#180=B_SPLINE_CURVE_WITH_KNOTS('',3,(#966,#967,#968,#969,#970,#971,#972,
#973,#974,#975,#976,#977,#978,#979,#980,#981,#982,#983,#984,#985,#986,#987,
#988,#989,#990),.UNSPECIFIED.,.F.,.F.,(4,3,3,3,3,3,3,3,4),(-1.25663706143592,
-1.09955742875643,-0.942477796076938,-0.785398163397448,-0.628318530717959,
-0.471238898038469,-0.31415926535898,-0.15707963267949,-0.00523598775598321),
 .UNSPECIFIED.);
#181=B_SPLINE_CURVE_WITH_KNOTS('',3,(#1075,#1076,#1077,#1078,#1079,#1080,
#1081,#1082,#1083,#1084,#1085),.UNSPECIFIED.,.F.,.F.,(4,1,1,1,1,1,1,1,4),
(0.,0.15707963267949,0.314159265358979,0.471238898038469,0.628318530717959,
0.785398163397448,0.942477796076938,1.09955742875643,1.25140107367993),
 .UNSPECIFIED.);
#182=B_SPLINE_CURVE_WITH_KNOTS('',3,(#1088,#1089,#1090,#1091,#1092,#1093,
#1094,#1095,#1096,#1097,#1098,#1099,#1100,#1101,#1102,#1103,#1104,#1105,
#1106,#1107,#1108,#1109,#1110,#1111,#1112,#1113,#1114,#1115),
 .UNSPECIFIED.,.F.,.F.,(4,3,3,3,3,3,3,3,3,4),(0.00552837651342562,0.00652960141377601,
0.00767177993824949,0.00880901644541304,0.0090891248877876,0.0101302163468349,
0.0102290422238473,0.0108309432943943,0.0109439982752223,0.0116047694785439),
 .UNSPECIFIED.);
#183=B_SPLINE_CURVE_WITH_KNOTS('',3,(#1116,#1117,#1118,#1119,#1120,#1121,
#1122,#1123,#1124,#1125,#1126,#1127,#1128,#1129,#1130,#1131,#1132,#1133,
#1134,#1135,#1136,#1137,#1138,#1139,#1140),.UNSPECIFIED.,.F.,.F.,(4,3,3,
3,3,3,3,3,4),(0.00552837651341132,0.00652960141375619,0.00766930892956976,
0.00880901644538332,0.00908912488775865,0.0101352385701901,0.010229042223851,
0.0109439982752604,0.011604769478613),.UNSPECIFIED.);
#184=B_SPLINE_CURVE_WITH_KNOTS('',3,(#1182,#1183,#1184,#1185,#1186,#1187,
#1188,#1189,#1190,#1191,#1192,#1193),.UNSPECIFIED.,.F.,.F.,(4,2,2,2,2,4),
(0.,0.15637526051161,0.312395374224168,0.468192439671126,0.579156160235994,
0.690301960201548),.UNSPECIFIED.);
#185=B_SPLINE_CURVE_WITH_KNOTS('',3,(#1195,#1196,#1197,#1198),
 .UNSPECIFIED.,.F.,.F.,(4,4),(-0.0998094392893032,1.05818132034585E-16),
 .UNSPECIFIED.);
#186=B_SPLINE_CURVE_WITH_KNOTS('',3,(#1200,#1201,#1202,#1203,#1204,#1205,
#1206,#1207,#1208,#1209,#1210,#1211),.UNSPECIFIED.,.F.,.F.,(4,2,2,2,2,4),
(0.,0.156373131872745,0.312469961948401,0.468310035408946,0.574933543213529,
0.68172504043133),.UNSPECIFIED.);
#187=B_SPLINE_CURVE_WITH_KNOTS('',3,(#1212,#1213,#1214,#1215),
 .UNSPECIFIED.,.F.,.F.,(4,4),(-0.000727153184087823,0.098997961567292),
 .UNSPECIFIED.);
#188=B_SPLINE_CURVE_WITH_KNOTS('',3,(#1240,#1241,#1242,#1243,#1244),
 .UNSPECIFIED.,.F.,.F.,(4,1,4),(0.,0.362312604986899,0.84226373891259),
 .UNSPECIFIED.);
#189=B_SPLINE_CURVE_WITH_KNOTS('',3,(#1286,#1287,#1288,#1289),
 .UNSPECIFIED.,.F.,.F.,(4,4),(0.133504462593139,0.558138212457642),
 .UNSPECIFIED.);
#190=B_SPLINE_CURVE_WITH_KNOTS('',3,(#1291,#1292,#1293,#1294),
 .UNSPECIFIED.,.F.,.F.,(4,4),(0.558138212457642,1.11660237322311),
 .UNSPECIFIED.);
#191=B_SPLINE_CURVE_WITH_KNOTS('',3,(#1296,#1297,#1298,#1299),
 .UNSPECIFIED.,.F.,.F.,(4,4),(1.11660237322311,1.12328357530654),
 .UNSPECIFIED.);
#192=B_SPLINE_CURVE_WITH_KNOTS('',3,(#1301,#1302,#1303,#1304,#1305,#1306,
#1307,#1308,#1309,#1310,#1311,#1312),.UNSPECIFIED.,.F.,.F.,(4,2,2,2,2,4),
(0.,0.156363285255765,0.312389436073222,0.468212774552719,0.574666089143638,
0.681276040247771),.UNSPECIFIED.);
#193=B_SPLINE_CURVE_WITH_KNOTS('',3,(#1316,#1317,#1318,#1319),
 .UNSPECIFIED.,.F.,.F.,(4,4),(0.898128821396898,1.25140107367993),
 .UNSPECIFIED.);
#194=B_SPLINE_CURVE_WITH_KNOTS('',3,(#1320,#1321,#1322,#1323),
 .UNSPECIFIED.,.F.,.F.,(4,4),(0.,0.898128821396898),.UNSPECIFIED.);
#195=B_SPLINE_CURVE_WITH_KNOTS('',3,(#1350,#1351,#1352,#1353,#1354,#1355,
#1356,#1357,#1358,#1359,#1360,#1361),.UNSPECIFIED.,.F.,.F.,(4,2,2,2,2,4),
(0.,0.156359082419709,0.31245898021376,0.468320769560042,0.57047223354822,
0.672768889768222),.UNSPECIFIED.);
#196=B_SPLINE_CURVE_WITH_KNOTS('',3,(#1362,#1363,#1364,#1365),
 .UNSPECIFIED.,.F.,.F.,(4,4),(-0.099729124540292,1.90494321705703E-16),
 .UNSPECIFIED.);
#197=B_SPLINE_CURVE_WITH_KNOTS('',3,(#1366,#1367,#1368,#1369),
 .UNSPECIFIED.,.F.,.F.,(4,4),(-0.000711350370671929,0.0990971906365517),
 .UNSPECIFIED.);
#198=B_SPLINE_CURVE_WITH_KNOTS('',3,(#1388,#1389,#1390,#1391),
 .UNSPECIFIED.,.F.,.F.,(4,4),(1.11660237322311,1.12577359900349),
 .UNSPECIFIED.);
#199=B_SPLINE_CURVE_WITH_KNOTS('',3,(#1410,#1411,#1412,#1413),
 .UNSPECIFIED.,.F.,.F.,(4,4),(0.558138212457642,1.11660237322311),
 .UNSPECIFIED.);
#200=B_SPLINE_CURVE_WITH_KNOTS('',3,(#1430,#1431,#1432,#1433),
 .UNSPECIFIED.,.F.,.F.,(4,4),(0.136052882133201,0.558138212457642),
 .UNSPECIFIED.);
#201=B_SPLINE_CURVE_WITH_KNOTS('',3,(#1452,#1453,#1454,#1455),
 .UNSPECIFIED.,.F.,.F.,(4,4),(0.,0.898128821396898),.UNSPECIFIED.);
#202=B_SPLINE_CURVE_WITH_KNOTS('',3,(#1517,#1518,#1519,#1520,#1521,#1522,
#1523),.UNSPECIFIED.,.F.,.F.,(4,3,4),(0.898128821396898,1.11194986333468,
1.25140107367993),.UNSPECIFIED.);
#203=B_SPLINE_CURVE_WITH_KNOTS('',3,(#1524,#1525,#1526,#1527,#1528,#1529),
 .UNSPECIFIED.,.F.,.F.,(4,1,1,4),(0.,0.285714285714286,0.571428571428571,
0.848549653080139),.UNSPECIFIED.);
#204=B_SPLINE_CURVE_WITH_KNOTS('',3,(#1597,#1598,#1599,#1600,#1601,#1602,
#1603,#1604,#1605,#1606,#1607,#1608),.UNSPECIFIED.,.F.,.F.,(4,2,2,2,2,4),
(0.,0.15637526051161,0.312395374224168,0.468192439671126,0.579156160235994,
0.690301960201548),.UNSPECIFIED.);
#205=B_SPLINE_CURVE_WITH_KNOTS('',3,(#1610,#1611,#1612,#1613),
 .UNSPECIFIED.,.F.,.F.,(4,4),(-0.0998094392893032,1.05818132034585E-16),
 .UNSPECIFIED.);
#206=B_SPLINE_CURVE_WITH_KNOTS('',3,(#1615,#1616,#1617,#1618,#1619,#1620,
#1621,#1622,#1623,#1624,#1625,#1626),.UNSPECIFIED.,.F.,.F.,(4,2,2,2,2,4),
(0.,0.156373131872745,0.312469961948401,0.468310035408946,0.574933543213529,
0.68172504043133),.UNSPECIFIED.);
#207=B_SPLINE_CURVE_WITH_KNOTS('',3,(#1627,#1628,#1629,#1630),
 .UNSPECIFIED.,.F.,.F.,(4,4),(-0.000727153184087823,0.098997961567292),
 .UNSPECIFIED.);
#208=B_SPLINE_CURVE_WITH_KNOTS('',3,(#1655,#1656,#1657,#1658,#1659),
 .UNSPECIFIED.,.F.,.F.,(4,1,4),(0.,0.362312604986899,0.84226373891259),
 .UNSPECIFIED.);
#209=B_SPLINE_CURVE_WITH_KNOTS('',3,(#1701,#1702,#1703,#1704),
 .UNSPECIFIED.,.F.,.F.,(4,4),(0.133504462593139,0.558138212457642),
 .UNSPECIFIED.);
#210=B_SPLINE_CURVE_WITH_KNOTS('',3,(#1706,#1707,#1708,#1709),
 .UNSPECIFIED.,.F.,.F.,(4,4),(0.558138212457642,1.11660237322311),
 .UNSPECIFIED.);
#211=B_SPLINE_CURVE_WITH_KNOTS('',3,(#1711,#1712,#1713,#1714),
 .UNSPECIFIED.,.F.,.F.,(4,4),(1.11660237322311,1.12328357530654),
 .UNSPECIFIED.);
#212=B_SPLINE_CURVE_WITH_KNOTS('',3,(#1716,#1717,#1718,#1719,#1720,#1721,
#1722,#1723,#1724,#1725,#1726,#1727),.UNSPECIFIED.,.F.,.F.,(4,2,2,2,2,4),
(0.,0.156363285255765,0.312389436073222,0.468212774552719,0.574666089143638,
0.681276040247771),.UNSPECIFIED.);
#213=B_SPLINE_CURVE_WITH_KNOTS('',3,(#1731,#1732,#1733,#1734),
 .UNSPECIFIED.,.F.,.F.,(4,4),(0.898128821396898,1.25140107367993),
 .UNSPECIFIED.);
#214=B_SPLINE_CURVE_WITH_KNOTS('',3,(#1735,#1736,#1737,#1738),
 .UNSPECIFIED.,.F.,.F.,(4,4),(0.,0.898128821396898),.UNSPECIFIED.);
#215=B_SPLINE_CURVE_WITH_KNOTS('',3,(#1765,#1766,#1767,#1768,#1769,#1770,
#1771,#1772,#1773,#1774,#1775,#1776),.UNSPECIFIED.,.F.,.F.,(4,2,2,2,2,4),
(0.,0.156359082419709,0.31245898021376,0.468320769560042,0.57047223354822,
0.672768889768222),.UNSPECIFIED.);
#216=B_SPLINE_CURVE_WITH_KNOTS('',3,(#1777,#1778,#1779,#1780),
 .UNSPECIFIED.,.F.,.F.,(4,4),(-0.099729124540292,1.90494321705703E-16),
 .UNSPECIFIED.);
#217=B_SPLINE_CURVE_WITH_KNOTS('',3,(#1781,#1782,#1783,#1784),
 .UNSPECIFIED.,.F.,.F.,(4,4),(-0.000711350370671929,0.0990971906365517),
 .UNSPECIFIED.);
#218=B_SPLINE_CURVE_WITH_KNOTS('',3,(#1803,#1804,#1805,#1806),
 .UNSPECIFIED.,.F.,.F.,(4,4),(1.11660237322311,1.12577359900349),
 .UNSPECIFIED.);
#219=B_SPLINE_CURVE_WITH_KNOTS('',3,(#1825,#1826,#1827,#1828),
 .UNSPECIFIED.,.F.,.F.,(4,4),(0.558138212457642,1.11660237322311),
 .UNSPECIFIED.);
#220=B_SPLINE_CURVE_WITH_KNOTS('',3,(#1845,#1846,#1847,#1848),
 .UNSPECIFIED.,.F.,.F.,(4,4),(0.136052882133201,0.558138212457642),
 .UNSPECIFIED.);
#221=B_SPLINE_CURVE_WITH_KNOTS('',3,(#1867,#1868,#1869,#1870),
 .UNSPECIFIED.,.F.,.F.,(4,4),(0.,0.898128821396898),.UNSPECIFIED.);
#222=B_SPLINE_CURVE_WITH_KNOTS('',3,(#1932,#1933,#1934,#1935,#1936,#1937,
#1938),.UNSPECIFIED.,.F.,.F.,(4,3,4),(0.898128821396898,1.11194986333468,
1.25140107367993),.UNSPECIFIED.);
#223=B_SPLINE_CURVE_WITH_KNOTS('',3,(#1939,#1940,#1941,#1942,#1943,#1944),
 .UNSPECIFIED.,.F.,.F.,(4,1,1,4),(0.,0.285714285714286,0.571428571428571,
0.848549653080139),.UNSPECIFIED.);
#224=B_SPLINE_CURVE_WITH_KNOTS('',3,(#2012,#2013,#2014,#2015,#2016,#2017,
#2018,#2019,#2020,#2021,#2022,#2023),.UNSPECIFIED.,.F.,.F.,(4,2,2,2,2,4),
(0.,0.15637526051161,0.312395374224168,0.468192439671126,0.579156160235994,
0.690301960201548),.UNSPECIFIED.);
#225=B_SPLINE_CURVE_WITH_KNOTS('',3,(#2025,#2026,#2027,#2028),
 .UNSPECIFIED.,.F.,.F.,(4,4),(-0.0998094392893032,1.05818132034585E-16),
 .UNSPECIFIED.);
#226=B_SPLINE_CURVE_WITH_KNOTS('',3,(#2030,#2031,#2032,#2033,#2034,#2035,
#2036,#2037,#2038,#2039,#2040,#2041),.UNSPECIFIED.,.F.,.F.,(4,2,2,2,2,4),
(0.,0.156373131872745,0.312469961948401,0.468310035408946,0.574933543213529,
0.68172504043133),.UNSPECIFIED.);
#227=B_SPLINE_CURVE_WITH_KNOTS('',3,(#2042,#2043,#2044,#2045),
 .UNSPECIFIED.,.F.,.F.,(4,4),(-0.000727153184087823,0.098997961567292),
 .UNSPECIFIED.);
#228=B_SPLINE_CURVE_WITH_KNOTS('',3,(#2070,#2071,#2072,#2073,#2074),
 .UNSPECIFIED.,.F.,.F.,(4,1,4),(0.,0.362312604986899,0.84226373891259),
 .UNSPECIFIED.);
#229=B_SPLINE_CURVE_WITH_KNOTS('',3,(#2116,#2117,#2118,#2119),
 .UNSPECIFIED.,.F.,.F.,(4,4),(0.133504462593139,0.558138212457642),
 .UNSPECIFIED.);
#230=B_SPLINE_CURVE_WITH_KNOTS('',3,(#2121,#2122,#2123,#2124),
 .UNSPECIFIED.,.F.,.F.,(4,4),(0.558138212457642,1.11660237322311),
 .UNSPECIFIED.);
#231=B_SPLINE_CURVE_WITH_KNOTS('',3,(#2126,#2127,#2128,#2129),
 .UNSPECIFIED.,.F.,.F.,(4,4),(1.11660237322311,1.12328357530654),
 .UNSPECIFIED.);
#232=B_SPLINE_CURVE_WITH_KNOTS('',3,(#2131,#2132,#2133,#2134,#2135,#2136,
#2137,#2138,#2139,#2140,#2141,#2142),.UNSPECIFIED.,.F.,.F.,(4,2,2,2,2,4),
(0.,0.156363285255765,0.312389436073222,0.468212774552719,0.574666089143638,
0.681276040247771),.UNSPECIFIED.);
#233=B_SPLINE_CURVE_WITH_KNOTS('',3,(#2146,#2147,#2148,#2149),
 .UNSPECIFIED.,.F.,.F.,(4,4),(0.898128821396898,1.25140107367993),
 .UNSPECIFIED.);
#234=B_SPLINE_CURVE_WITH_KNOTS('',3,(#2150,#2151,#2152,#2153),
 .UNSPECIFIED.,.F.,.F.,(4,4),(0.,0.898128821396898),.UNSPECIFIED.);
#235=B_SPLINE_CURVE_WITH_KNOTS('',3,(#2180,#2181,#2182,#2183,#2184,#2185,
#2186,#2187,#2188,#2189,#2190,#2191),.UNSPECIFIED.,.F.,.F.,(4,2,2,2,2,4),
(0.,0.156359082419709,0.31245898021376,0.468320769560042,0.57047223354822,
0.672768889768222),.UNSPECIFIED.);
#236=B_SPLINE_CURVE_WITH_KNOTS('',3,(#2192,#2193,#2194,#2195),
 .UNSPECIFIED.,.F.,.F.,(4,4),(-0.099729124540292,1.90494321705703E-16),
 .UNSPECIFIED.);
#237=B_SPLINE_CURVE_WITH_KNOTS('',3,(#2196,#2197,#2198,#2199),
 .UNSPECIFIED.,.F.,.F.,(4,4),(-0.000711350370671929,0.0990971906365517),
 .UNSPECIFIED.);
#238=B_SPLINE_CURVE_WITH_KNOTS('',3,(#2218,#2219,#2220,#2221),
 .UNSPECIFIED.,.F.,.F.,(4,4),(1.11660237322311,1.12577359900349),
 .UNSPECIFIED.);
#239=B_SPLINE_CURVE_WITH_KNOTS('',3,(#2240,#2241,#2242,#2243),
 .UNSPECIFIED.,.F.,.F.,(4,4),(0.558138212457642,1.11660237322311),
 .UNSPECIFIED.);
#240=B_SPLINE_CURVE_WITH_KNOTS('',3,(#2260,#2261,#2262,#2263),
 .UNSPECIFIED.,.F.,.F.,(4,4),(0.136052882133201,0.558138212457642),
 .UNSPECIFIED.);
#241=B_SPLINE_CURVE_WITH_KNOTS('',3,(#2282,#2283,#2284,#2285),
 .UNSPECIFIED.,.F.,.F.,(4,4),(0.,0.898128821396898),.UNSPECIFIED.);
#242=B_SPLINE_CURVE_WITH_KNOTS('',3,(#2347,#2348,#2349,#2350,#2351,#2352,
#2353),.UNSPECIFIED.,.F.,.F.,(4,3,4),(0.898128821396898,1.11194986333468,
1.25140107367993),.UNSPECIFIED.);
#243=B_SPLINE_CURVE_WITH_KNOTS('',3,(#2354,#2355,#2356,#2357,#2358,#2359),
 .UNSPECIFIED.,.F.,.F.,(4,1,1,4),(0.,0.285714285714286,0.571428571428571,
0.848549653080139),.UNSPECIFIED.);
#244=B_SPLINE_CURVE_WITH_KNOTS('',3,(#2427,#2428,#2429,#2430,#2431,#2432,
#2433,#2434,#2435,#2436,#2437,#2438),.UNSPECIFIED.,.F.,.F.,(4,2,2,2,2,4),
(0.,0.15637526051161,0.312395374224168,0.468192439671126,0.579156160235994,
0.690301960201548),.UNSPECIFIED.);
#245=B_SPLINE_CURVE_WITH_KNOTS('',3,(#2440,#2441,#2442,#2443),
 .UNSPECIFIED.,.F.,.F.,(4,4),(-0.0998094392893032,1.05818132034585E-16),
 .UNSPECIFIED.);
#246=B_SPLINE_CURVE_WITH_KNOTS('',3,(#2445,#2446,#2447,#2448,#2449,#2450,
#2451,#2452,#2453,#2454,#2455,#2456),.UNSPECIFIED.,.F.,.F.,(4,2,2,2,2,4),
(0.,0.156373131872745,0.312469961948401,0.468310035408946,0.574933543213529,
0.68172504043133),.UNSPECIFIED.);
#247=B_SPLINE_CURVE_WITH_KNOTS('',3,(#2457,#2458,#2459,#2460),
 .UNSPECIFIED.,.F.,.F.,(4,4),(-0.000727153184087823,0.098997961567292),
 .UNSPECIFIED.);
#248=B_SPLINE_CURVE_WITH_KNOTS('',3,(#2485,#2486,#2487,#2488,#2489),
 .UNSPECIFIED.,.F.,.F.,(4,1,4),(0.,0.362312604986899,0.84226373891259),
 .UNSPECIFIED.);
#249=B_SPLINE_CURVE_WITH_KNOTS('',3,(#2531,#2532,#2533,#2534),
 .UNSPECIFIED.,.F.,.F.,(4,4),(0.133504462593139,0.558138212457642),
 .UNSPECIFIED.);
#250=B_SPLINE_CURVE_WITH_KNOTS('',3,(#2536,#2537,#2538,#2539),
 .UNSPECIFIED.,.F.,.F.,(4,4),(0.558138212457642,1.11660237322311),
 .UNSPECIFIED.);
#251=B_SPLINE_CURVE_WITH_KNOTS('',3,(#2541,#2542,#2543,#2544),
 .UNSPECIFIED.,.F.,.F.,(4,4),(1.11660237322311,1.12328357530654),
 .UNSPECIFIED.);
#252=B_SPLINE_CURVE_WITH_KNOTS('',3,(#2546,#2547,#2548,#2549,#2550,#2551,
#2552,#2553,#2554,#2555,#2556,#2557),.UNSPECIFIED.,.F.,.F.,(4,2,2,2,2,4),
(0.,0.156363285255765,0.312389436073222,0.468212774552719,0.574666089143638,
0.681276040247771),.UNSPECIFIED.);
#253=B_SPLINE_CURVE_WITH_KNOTS('',3,(#2561,#2562,#2563,#2564),
 .UNSPECIFIED.,.F.,.F.,(4,4),(0.898128821396898,1.25140107367993),
 .UNSPECIFIED.);
#254=B_SPLINE_CURVE_WITH_KNOTS('',3,(#2565,#2566,#2567,#2568),
 .UNSPECIFIED.,.F.,.F.,(4,4),(0.,0.898128821396898),.UNSPECIFIED.);
#255=B_SPLINE_CURVE_WITH_KNOTS('',3,(#2595,#2596,#2597,#2598,#2599,#2600,
#2601,#2602,#2603,#2604,#2605,#2606),.UNSPECIFIED.,.F.,.F.,(4,2,2,2,2,4),
(0.,0.156359082419709,0.31245898021376,0.468320769560042,0.57047223354822,
0.672768889768222),.UNSPECIFIED.);
#256=B_SPLINE_CURVE_WITH_KNOTS('',3,(#2607,#2608,#2609,#2610),
 .UNSPECIFIED.,.F.,.F.,(4,4),(-0.099729124540292,1.90494321705703E-16),
 .UNSPECIFIED.);
#257=B_SPLINE_CURVE_WITH_KNOTS('',3,(#2611,#2612,#2613,#2614),
 .UNSPECIFIED.,.F.,.F.,(4,4),(-0.000711350370671929,0.0990971906365517),
 .UNSPECIFIED.);
#258=B_SPLINE_CURVE_WITH_KNOTS('',3,(#2633,#2634,#2635,#2636),
 .UNSPECIFIED.,.F.,.F.,(4,4),(1.11660237322311,1.12577359900349),
 .UNSPECIFIED.);
#259=B_SPLINE_CURVE_WITH_KNOTS('',3,(#2655,#2656,#2657,#2658),
 .UNSPECIFIED.,.F.,.F.,(4,4),(0.558138212457642,1.11660237322311),
 .UNSPECIFIED.);
#260=B_SPLINE_CURVE_WITH_KNOTS('',3,(#2675,#2676,#2677,#2678),
 .UNSPECIFIED.,.F.,.F.,(4,4),(0.136052882133201,0.558138212457642),
 .UNSPECIFIED.);
#261=B_SPLINE_CURVE_WITH_KNOTS('',3,(#2697,#2698,#2699,#2700),
 .UNSPECIFIED.,.F.,.F.,(4,4),(0.,0.898128821396898),.UNSPECIFIED.);
#262=B_SPLINE_CURVE_WITH_KNOTS('',3,(#2762,#2763,#2764,#2765,#2766,#2767,
#2768),.UNSPECIFIED.,.F.,.F.,(4,3,4),(0.898128821396898,1.11194986333468,
1.25140107367993),.UNSPECIFIED.);
#263=B_SPLINE_CURVE_WITH_KNOTS('',3,(#2769,#2770,#2771,#2772,#2773,#2774),
 .UNSPECIFIED.,.F.,.F.,(4,1,1,4),(0.,0.285714285714286,0.571428571428571,
0.848549653080139),.UNSPECIFIED.);
#264=CIRCLE('',#876,5.);
#265=CIRCLE('',#877,5.);
#266=CIRCLE('',#879,0.0500000000000001);
#267=CIRCLE('',#880,0.05);
#268=CIRCLE('',#883,5.);
#269=CIRCLE('',#884,1.585);
#270=CIRCLE('',#886,1.585);
#271=CIRCLE('',#888,5.);
#272=LINE('',#960,#306);
#273=LINE('',#964,#307);
#274=LINE('',#994,#308);
#275=LINE('',#1143,#309);
#276=LINE('',#1144,#310);
#277=LINE('',#1151,#311);
#278=LINE('',#1237,#312);
#279=LINE('',#1239,#313);
#280=LINE('',#1314,#314);
#281=LINE('',#1387,#315);
#282=LINE('',#1409,#316);
#283=LINE('',#1451,#317);
#284=LINE('',#1546,#318);
#285=LINE('',#1652,#319);
#286=LINE('',#1654,#320);
#287=LINE('',#1729,#321);
#288=LINE('',#1802,#322);
#289=LINE('',#1824,#323);
#290=LINE('',#1866,#324);
#291=LINE('',#1961,#325);
#292=LINE('',#2067,#326);
#293=LINE('',#2069,#327);
#294=LINE('',#2144,#328);
#295=LINE('',#2217,#329);
#296=LINE('',#2239,#330);
#297=LINE('',#2281,#331);
#298=LINE('',#2376,#332);
#299=LINE('',#2482,#333);
#300=LINE('',#2484,#334);
#301=LINE('',#2559,#335);
#302=LINE('',#2632,#336);
#303=LINE('',#2654,#337);
#304=LINE('',#2696,#338);
#305=LINE('',#2791,#339);
#306=VECTOR('',#894,5.);
#307=VECTOR('',#897,10.);
#308=VECTOR('',#902,10.);
#309=VECTOR('',#909,10.);
#310=VECTOR('',#910,10.);
#311=VECTOR('',#919,1.585);
#312=VECTOR('',#928,27.5500453720135);
#313=VECTOR('',#929,10.);
#314=VECTOR('',#930,27.5500809776208);
#315=VECTOR('',#931,10.);
#316=VECTOR('',#932,10.);
#317=VECTOR('',#933,10.);
#318=VECTOR('',#934,10.);
#319=VECTOR('',#935,27.5500453720135);
#320=VECTOR('',#936,10.);
#321=VECTOR('',#937,27.5500809776208);
#322=VECTOR('',#938,10.);
#323=VECTOR('',#939,10.);
#324=VECTOR('',#940,10.);
#325=VECTOR('',#941,10.);
#326=VECTOR('',#942,27.5500453720135);
#327=VECTOR('',#943,10.);
#328=VECTOR('',#944,27.5500809776208);
#329=VECTOR('',#945,10.);
#330=VECTOR('',#946,10.);
#331=VECTOR('',#947,10.);
#332=VECTOR('',#948,10.);
#333=VECTOR('',#949,27.5500453720135);
#334=VECTOR('',#950,10.);
#335=VECTOR('',#951,27.5500809776208);
#336=VECTOR('',#952,10.);
#337=VECTOR('',#953,10.);
#338=VECTOR('',#954,10.);
#339=VECTOR('',#955,10.);
#340=VERTEX_POINT('',#958);
#341=VERTEX_POINT('',#959);
#342=VERTEX_POINT('',#961);
#343=VERTEX_POINT('',#963);
#344=VERTEX_POINT('',#965);
#345=VERTEX_POINT('',#993);
#346=VERTEX_POINT('',#1073);
#347=VERTEX_POINT('',#1074);
#348=VERTEX_POINT('',#1086);
#349=VERTEX_POINT('',#1142);
#350=VERTEX_POINT('',#1147);
#351=VERTEX_POINT('',#1150);
#352=VERTEX_POINT('',#1180);
#353=VERTEX_POINT('',#1181);
#354=VERTEX_POINT('',#1194);
#355=VERTEX_POINT('',#1199);
#356=VERTEX_POINT('',#1236);
#357=VERTEX_POINT('',#1238);
#358=VERTEX_POINT('',#1285);
#359=VERTEX_POINT('',#1290);
#360=VERTEX_POINT('',#1295);
#361=VERTEX_POINT('',#1300);
#362=VERTEX_POINT('',#1313);
#363=VERTEX_POINT('',#1315);
#364=VERTEX_POINT('',#1348);
#365=VERTEX_POINT('',#1349);
#366=VERTEX_POINT('',#1386);
#367=VERTEX_POINT('',#1408);
#368=VERTEX_POINT('',#1450);
#369=VERTEX_POINT('',#1516);
#370=VERTEX_POINT('',#1595);
#371=VERTEX_POINT('',#1596);
#372=VERTEX_POINT('',#1609);
#373=VERTEX_POINT('',#1614);
#374=VERTEX_POINT('',#1651);
#375=VERTEX_POINT('',#1653);
#376=VERTEX_POINT('',#1700);
#377=VERTEX_POINT('',#1705);
#378=VERTEX_POINT('',#1710);
#379=VERTEX_POINT('',#1715);
#380=VERTEX_POINT('',#1728);
#381=VERTEX_POINT('',#1730);
#382=VERTEX_POINT('',#1763);
#383=VERTEX_POINT('',#1764);
#384=VERTEX_POINT('',#1801);
#385=VERTEX_POINT('',#1823);
#386=VERTEX_POINT('',#1865);
#387=VERTEX_POINT('',#1931);
#388=VERTEX_POINT('',#2010);
#389=VERTEX_POINT('',#2011);
#390=VERTEX_POINT('',#2024);
#391=VERTEX_POINT('',#2029);
#392=VERTEX_POINT('',#2066);
#393=VERTEX_POINT('',#2068);
#394=VERTEX_POINT('',#2115);
#395=VERTEX_POINT('',#2120);
#396=VERTEX_POINT('',#2125);
#397=VERTEX_POINT('',#2130);
#398=VERTEX_POINT('',#2143);
#399=VERTEX_POINT('',#2145);
#400=VERTEX_POINT('',#2178);
#401=VERTEX_POINT('',#2179);
#402=VERTEX_POINT('',#2216);
#403=VERTEX_POINT('',#2238);
#404=VERTEX_POINT('',#2280);
#405=VERTEX_POINT('',#2346);
#406=VERTEX_POINT('',#2425);
#407=VERTEX_POINT('',#2426);
#408=VERTEX_POINT('',#2439);
#409=VERTEX_POINT('',#2444);
#410=VERTEX_POINT('',#2481);
#411=VERTEX_POINT('',#2483);
#412=VERTEX_POINT('',#2530);
#413=VERTEX_POINT('',#2535);
#414=VERTEX_POINT('',#2540);
#415=VERTEX_POINT('',#2545);
#416=VERTEX_POINT('',#2558);
#417=VERTEX_POINT('',#2560);
#418=VERTEX_POINT('',#2593);
#419=VERTEX_POINT('',#2594);
#420=VERTEX_POINT('',#2631);
#421=VERTEX_POINT('',#2653);
#422=VERTEX_POINT('',#2695);
#423=VERTEX_POINT('',#2761);
#424=EDGE_CURVE('',#340,#341,#272,.T.);
#425=EDGE_CURVE('',#342,#340,#264,.T.);
#426=EDGE_CURVE('',#342,#343,#273,.T.);
#427=EDGE_CURVE('',#343,#344,#180,.T.);
#428=EDGE_CURVE('',#344,#341,#265,.T.);
#429=EDGE_CURVE('',#345,#342,#274,.T.);
#430=EDGE_CURVE('',#343,#345,#266,.T.);
#431=EDGE_CURVE('',#346,#347,#181,.T.);
#432=EDGE_CURVE('',#348,#346,#267,.T.);
#433=EDGE_CURVE('',#344,#348,#182,.T.);
#434=EDGE_CURVE('',#347,#345,#183,.T.);
#435=EDGE_CURVE('',#349,#346,#275,.T.);
#436=EDGE_CURVE('',#348,#349,#276,.T.);
#437=EDGE_CURVE('',#340,#347,#268,.T.);
#438=EDGE_CURVE('',#350,#350,#269,.T.);
#439=EDGE_CURVE('',#350,#351,#277,.T.);
#440=EDGE_CURVE('',#351,#351,#270,.T.);
#441=EDGE_CURVE('',#341,#349,#271,.T.);
#442=EDGE_CURVE('',#352,#353,#184,.T.);
#443=EDGE_CURVE('',#353,#354,#185,.T.);
#444=EDGE_CURVE('',#354,#355,#186,.T.);
#445=EDGE_CURVE('',#355,#352,#187,.T.);
#446=EDGE_CURVE('',#356,#355,#278,.T.);
#447=EDGE_CURVE('',#356,#357,#279,.T.);
#448=EDGE_CURVE('',#357,#352,#188,.T.);
#449=EDGE_CURVE('',#354,#358,#189,.T.);
#450=EDGE_CURVE('',#358,#359,#190,.T.);
#451=EDGE_CURVE('',#359,#360,#191,.T.);
#452=EDGE_CURVE('',#361,#360,#192,.T.);
#453=EDGE_CURVE('',#362,#361,#280,.T.);
#454=EDGE_CURVE('',#363,#362,#193,.T.);
#455=EDGE_CURVE('',#356,#363,#194,.T.);
#456=EDGE_CURVE('',#364,#365,#195,.T.);
#457=EDGE_CURVE('',#365,#361,#196,.T.);
#458=EDGE_CURVE('',#360,#364,#197,.T.);
#459=EDGE_CURVE('',#359,#366,#281,.T.);
#460=EDGE_CURVE('',#366,#364,#198,.T.);
#461=EDGE_CURVE('',#358,#367,#282,.T.);
#462=EDGE_CURVE('',#367,#366,#199,.T.);
#463=EDGE_CURVE('',#353,#367,#200,.T.);
#464=EDGE_CURVE('',#368,#363,#283,.T.);
#465=EDGE_CURVE('',#357,#368,#201,.T.);
#466=EDGE_CURVE('',#368,#369,#202,.T.);
#467=EDGE_CURVE('',#369,#365,#203,.T.);
#468=EDGE_CURVE('',#362,#369,#284,.T.);
#469=EDGE_CURVE('',#370,#371,#204,.T.);
#470=EDGE_CURVE('',#371,#372,#205,.T.);
#471=EDGE_CURVE('',#372,#373,#206,.T.);
#472=EDGE_CURVE('',#373,#370,#207,.T.);
#473=EDGE_CURVE('',#374,#373,#285,.T.);
#474=EDGE_CURVE('',#374,#375,#286,.T.);
#475=EDGE_CURVE('',#375,#370,#208,.T.);
#476=EDGE_CURVE('',#372,#376,#209,.T.);
#477=EDGE_CURVE('',#376,#377,#210,.T.);
#478=EDGE_CURVE('',#377,#378,#211,.T.);
#479=EDGE_CURVE('',#379,#378,#212,.T.);
#480=EDGE_CURVE('',#380,#379,#287,.T.);
#481=EDGE_CURVE('',#381,#380,#213,.T.);
#482=EDGE_CURVE('',#374,#381,#214,.T.);
#483=EDGE_CURVE('',#382,#383,#215,.T.);
#484=EDGE_CURVE('',#383,#379,#216,.T.);
#485=EDGE_CURVE('',#378,#382,#217,.T.);
#486=EDGE_CURVE('',#377,#384,#288,.T.);
#487=EDGE_CURVE('',#384,#382,#218,.T.);
#488=EDGE_CURVE('',#376,#385,#289,.T.);
#489=EDGE_CURVE('',#385,#384,#219,.T.);
#490=EDGE_CURVE('',#371,#385,#220,.T.);
#491=EDGE_CURVE('',#386,#381,#290,.T.);
#492=EDGE_CURVE('',#375,#386,#221,.T.);
#493=EDGE_CURVE('',#386,#387,#222,.T.);
#494=EDGE_CURVE('',#387,#383,#223,.T.);
#495=EDGE_CURVE('',#380,#387,#291,.T.);
#496=EDGE_CURVE('',#388,#389,#224,.T.);
#497=EDGE_CURVE('',#389,#390,#225,.T.);
#498=EDGE_CURVE('',#390,#391,#226,.T.);
#499=EDGE_CURVE('',#391,#388,#227,.T.);
#500=EDGE_CURVE('',#392,#391,#292,.T.);
#501=EDGE_CURVE('',#392,#393,#293,.T.);
#502=EDGE_CURVE('',#393,#388,#228,.T.);
#503=EDGE_CURVE('',#390,#394,#229,.T.);
#504=EDGE_CURVE('',#394,#395,#230,.T.);
#505=EDGE_CURVE('',#395,#396,#231,.T.);
#506=EDGE_CURVE('',#397,#396,#232,.T.);
#507=EDGE_CURVE('',#398,#397,#294,.T.);
#508=EDGE_CURVE('',#399,#398,#233,.T.);
#509=EDGE_CURVE('',#392,#399,#234,.T.);
#510=EDGE_CURVE('',#400,#401,#235,.T.);
#511=EDGE_CURVE('',#401,#397,#236,.T.);
#512=EDGE_CURVE('',#396,#400,#237,.T.);
#513=EDGE_CURVE('',#395,#402,#295,.T.);
#514=EDGE_CURVE('',#402,#400,#238,.T.);
#515=EDGE_CURVE('',#394,#403,#296,.T.);
#516=EDGE_CURVE('',#403,#402,#239,.T.);
#517=EDGE_CURVE('',#389,#403,#240,.T.);
#518=EDGE_CURVE('',#404,#399,#297,.T.);
#519=EDGE_CURVE('',#393,#404,#241,.T.);
#520=EDGE_CURVE('',#404,#405,#242,.T.);
#521=EDGE_CURVE('',#405,#401,#243,.T.);
#522=EDGE_CURVE('',#398,#405,#298,.T.);
#523=EDGE_CURVE('',#406,#407,#244,.T.);
#524=EDGE_CURVE('',#407,#408,#245,.T.);
#525=EDGE_CURVE('',#408,#409,#246,.T.);
#526=EDGE_CURVE('',#409,#406,#247,.T.);
#527=EDGE_CURVE('',#410,#409,#299,.T.);
#528=EDGE_CURVE('',#410,#411,#300,.T.);
#529=EDGE_CURVE('',#411,#406,#248,.T.);
#530=EDGE_CURVE('',#408,#412,#249,.T.);
#531=EDGE_CURVE('',#412,#413,#250,.T.);
#532=EDGE_CURVE('',#413,#414,#251,.T.);
#533=EDGE_CURVE('',#415,#414,#252,.T.);
#534=EDGE_CURVE('',#416,#415,#301,.T.);
#535=EDGE_CURVE('',#417,#416,#253,.T.);
#536=EDGE_CURVE('',#410,#417,#254,.T.);
#537=EDGE_CURVE('',#418,#419,#255,.T.);
#538=EDGE_CURVE('',#419,#415,#256,.T.);
#539=EDGE_CURVE('',#414,#418,#257,.T.);
#540=EDGE_CURVE('',#413,#420,#302,.T.);
#541=EDGE_CURVE('',#420,#418,#258,.T.);
#542=EDGE_CURVE('',#412,#421,#303,.T.);
#543=EDGE_CURVE('',#421,#420,#259,.T.);
#544=EDGE_CURVE('',#407,#421,#260,.T.);
#545=EDGE_CURVE('',#422,#417,#304,.T.);
#546=EDGE_CURVE('',#411,#422,#261,.T.);
#547=EDGE_CURVE('',#422,#423,#262,.T.);
#548=EDGE_CURVE('',#423,#419,#263,.T.);
#549=EDGE_CURVE('',#416,#423,#305,.T.);
#550=ORIENTED_EDGE('',*,*,#424,.F.);
#551=ORIENTED_EDGE('',*,*,#425,.F.);
#552=ORIENTED_EDGE('',*,*,#426,.T.);
#553=ORIENTED_EDGE('',*,*,#427,.T.);
#554=ORIENTED_EDGE('',*,*,#428,.T.);
#555=ORIENTED_EDGE('',*,*,#429,.F.);
#556=ORIENTED_EDGE('',*,*,#430,.F.);
#557=ORIENTED_EDGE('',*,*,#426,.F.);
#558=ORIENTED_EDGE('',*,*,#431,.F.);
#559=ORIENTED_EDGE('',*,*,#432,.F.);
#560=ORIENTED_EDGE('',*,*,#433,.F.);
#561=ORIENTED_EDGE('',*,*,#427,.F.);
#562=ORIENTED_EDGE('',*,*,#430,.T.);
#563=ORIENTED_EDGE('',*,*,#434,.F.);
#564=ORIENTED_EDGE('',*,*,#435,.F.);
#565=ORIENTED_EDGE('',*,*,#436,.F.);
#566=ORIENTED_EDGE('',*,*,#432,.T.);
#567=ORIENTED_EDGE('',*,*,#434,.T.);
#568=ORIENTED_EDGE('',*,*,#429,.T.);
#569=ORIENTED_EDGE('',*,*,#425,.T.);
#570=ORIENTED_EDGE('',*,*,#437,.T.);
#571=ORIENTED_EDGE('',*,*,#438,.T.);
#572=ORIENTED_EDGE('',*,*,#438,.F.);
#573=ORIENTED_EDGE('',*,*,#439,.T.);
#574=ORIENTED_EDGE('',*,*,#440,.F.);
#575=ORIENTED_EDGE('',*,*,#439,.F.);
#576=ORIENTED_EDGE('',*,*,#424,.T.);
#577=ORIENTED_EDGE('',*,*,#441,.T.);
#578=ORIENTED_EDGE('',*,*,#435,.T.);
#579=ORIENTED_EDGE('',*,*,#431,.T.);
#580=ORIENTED_EDGE('',*,*,#437,.F.);
#581=ORIENTED_EDGE('',*,*,#436,.T.);
#582=ORIENTED_EDGE('',*,*,#441,.F.);
#583=ORIENTED_EDGE('',*,*,#428,.F.);
#584=ORIENTED_EDGE('',*,*,#433,.T.);
#585=ORIENTED_EDGE('',*,*,#440,.T.);
#586=ORIENTED_EDGE('',*,*,#442,.T.);
#587=ORIENTED_EDGE('',*,*,#443,.T.);
#588=ORIENTED_EDGE('',*,*,#444,.T.);
#589=ORIENTED_EDGE('',*,*,#445,.T.);
#590=ORIENTED_EDGE('',*,*,#445,.F.);
#591=ORIENTED_EDGE('',*,*,#446,.F.);
#592=ORIENTED_EDGE('',*,*,#447,.T.);
#593=ORIENTED_EDGE('',*,*,#448,.T.);
#594=ORIENTED_EDGE('',*,*,#444,.F.);
#595=ORIENTED_EDGE('',*,*,#449,.T.);
#596=ORIENTED_EDGE('',*,*,#450,.T.);
#597=ORIENTED_EDGE('',*,*,#451,.T.);
#598=ORIENTED_EDGE('',*,*,#452,.F.);
#599=ORIENTED_EDGE('',*,*,#453,.F.);
#600=ORIENTED_EDGE('',*,*,#454,.F.);
#601=ORIENTED_EDGE('',*,*,#455,.F.);
#602=ORIENTED_EDGE('',*,*,#446,.T.);
#603=ORIENTED_EDGE('',*,*,#456,.T.);
#604=ORIENTED_EDGE('',*,*,#457,.T.);
#605=ORIENTED_EDGE('',*,*,#452,.T.);
#606=ORIENTED_EDGE('',*,*,#458,.T.);
#607=ORIENTED_EDGE('',*,*,#458,.F.);
#608=ORIENTED_EDGE('',*,*,#451,.F.);
#609=ORIENTED_EDGE('',*,*,#459,.T.);
#610=ORIENTED_EDGE('',*,*,#460,.T.);
#611=ORIENTED_EDGE('',*,*,#459,.F.);
#612=ORIENTED_EDGE('',*,*,#450,.F.);
#613=ORIENTED_EDGE('',*,*,#461,.T.);
#614=ORIENTED_EDGE('',*,*,#462,.T.);
#615=ORIENTED_EDGE('',*,*,#443,.F.);
#616=ORIENTED_EDGE('',*,*,#463,.T.);
#617=ORIENTED_EDGE('',*,*,#461,.F.);
#618=ORIENTED_EDGE('',*,*,#449,.F.);
#619=ORIENTED_EDGE('',*,*,#464,.F.);
#620=ORIENTED_EDGE('',*,*,#465,.F.);
#621=ORIENTED_EDGE('',*,*,#447,.F.);
#622=ORIENTED_EDGE('',*,*,#455,.T.);
#623=ORIENTED_EDGE('',*,*,#442,.F.);
#624=ORIENTED_EDGE('',*,*,#448,.F.);
#625=ORIENTED_EDGE('',*,*,#465,.T.);
#626=ORIENTED_EDGE('',*,*,#466,.T.);
#627=ORIENTED_EDGE('',*,*,#467,.T.);
#628=ORIENTED_EDGE('',*,*,#456,.F.);
#629=ORIENTED_EDGE('',*,*,#460,.F.);
#630=ORIENTED_EDGE('',*,*,#462,.F.);
#631=ORIENTED_EDGE('',*,*,#463,.F.);
#632=ORIENTED_EDGE('',*,*,#464,.T.);
#633=ORIENTED_EDGE('',*,*,#454,.T.);
#634=ORIENTED_EDGE('',*,*,#468,.T.);
#635=ORIENTED_EDGE('',*,*,#466,.F.);
#636=ORIENTED_EDGE('',*,*,#457,.F.);
#637=ORIENTED_EDGE('',*,*,#467,.F.);
#638=ORIENTED_EDGE('',*,*,#468,.F.);
#639=ORIENTED_EDGE('',*,*,#453,.T.);
#640=ORIENTED_EDGE('',*,*,#469,.T.);
#641=ORIENTED_EDGE('',*,*,#470,.T.);
#642=ORIENTED_EDGE('',*,*,#471,.T.);
#643=ORIENTED_EDGE('',*,*,#472,.T.);
#644=ORIENTED_EDGE('',*,*,#472,.F.);
#645=ORIENTED_EDGE('',*,*,#473,.F.);
#646=ORIENTED_EDGE('',*,*,#474,.T.);
#647=ORIENTED_EDGE('',*,*,#475,.T.);
#648=ORIENTED_EDGE('',*,*,#471,.F.);
#649=ORIENTED_EDGE('',*,*,#476,.T.);
#650=ORIENTED_EDGE('',*,*,#477,.T.);
#651=ORIENTED_EDGE('',*,*,#478,.T.);
#652=ORIENTED_EDGE('',*,*,#479,.F.);
#653=ORIENTED_EDGE('',*,*,#480,.F.);
#654=ORIENTED_EDGE('',*,*,#481,.F.);
#655=ORIENTED_EDGE('',*,*,#482,.F.);
#656=ORIENTED_EDGE('',*,*,#473,.T.);
#657=ORIENTED_EDGE('',*,*,#483,.T.);
#658=ORIENTED_EDGE('',*,*,#484,.T.);
#659=ORIENTED_EDGE('',*,*,#479,.T.);
#660=ORIENTED_EDGE('',*,*,#485,.T.);
#661=ORIENTED_EDGE('',*,*,#485,.F.);
#662=ORIENTED_EDGE('',*,*,#478,.F.);
#663=ORIENTED_EDGE('',*,*,#486,.T.);
#664=ORIENTED_EDGE('',*,*,#487,.T.);
#665=ORIENTED_EDGE('',*,*,#486,.F.);
#666=ORIENTED_EDGE('',*,*,#477,.F.);
#667=ORIENTED_EDGE('',*,*,#488,.T.);
#668=ORIENTED_EDGE('',*,*,#489,.T.);
#669=ORIENTED_EDGE('',*,*,#470,.F.);
#670=ORIENTED_EDGE('',*,*,#490,.T.);
#671=ORIENTED_EDGE('',*,*,#488,.F.);
#672=ORIENTED_EDGE('',*,*,#476,.F.);
#673=ORIENTED_EDGE('',*,*,#491,.F.);
#674=ORIENTED_EDGE('',*,*,#492,.F.);
#675=ORIENTED_EDGE('',*,*,#474,.F.);
#676=ORIENTED_EDGE('',*,*,#482,.T.);
#677=ORIENTED_EDGE('',*,*,#469,.F.);
#678=ORIENTED_EDGE('',*,*,#475,.F.);
#679=ORIENTED_EDGE('',*,*,#492,.T.);
#680=ORIENTED_EDGE('',*,*,#493,.T.);
#681=ORIENTED_EDGE('',*,*,#494,.T.);
#682=ORIENTED_EDGE('',*,*,#483,.F.);
#683=ORIENTED_EDGE('',*,*,#487,.F.);
#684=ORIENTED_EDGE('',*,*,#489,.F.);
#685=ORIENTED_EDGE('',*,*,#490,.F.);
#686=ORIENTED_EDGE('',*,*,#491,.T.);
#687=ORIENTED_EDGE('',*,*,#481,.T.);
#688=ORIENTED_EDGE('',*,*,#495,.T.);
#689=ORIENTED_EDGE('',*,*,#493,.F.);
#690=ORIENTED_EDGE('',*,*,#484,.F.);
#691=ORIENTED_EDGE('',*,*,#494,.F.);
#692=ORIENTED_EDGE('',*,*,#495,.F.);
#693=ORIENTED_EDGE('',*,*,#480,.T.);
#694=ORIENTED_EDGE('',*,*,#496,.T.);
#695=ORIENTED_EDGE('',*,*,#497,.T.);
#696=ORIENTED_EDGE('',*,*,#498,.T.);
#697=ORIENTED_EDGE('',*,*,#499,.T.);
#698=ORIENTED_EDGE('',*,*,#499,.F.);
#699=ORIENTED_EDGE('',*,*,#500,.F.);
#700=ORIENTED_EDGE('',*,*,#501,.T.);
#701=ORIENTED_EDGE('',*,*,#502,.T.);
#702=ORIENTED_EDGE('',*,*,#498,.F.);
#703=ORIENTED_EDGE('',*,*,#503,.T.);
#704=ORIENTED_EDGE('',*,*,#504,.T.);
#705=ORIENTED_EDGE('',*,*,#505,.T.);
#706=ORIENTED_EDGE('',*,*,#506,.F.);
#707=ORIENTED_EDGE('',*,*,#507,.F.);
#708=ORIENTED_EDGE('',*,*,#508,.F.);
#709=ORIENTED_EDGE('',*,*,#509,.F.);
#710=ORIENTED_EDGE('',*,*,#500,.T.);
#711=ORIENTED_EDGE('',*,*,#510,.T.);
#712=ORIENTED_EDGE('',*,*,#511,.T.);
#713=ORIENTED_EDGE('',*,*,#506,.T.);
#714=ORIENTED_EDGE('',*,*,#512,.T.);
#715=ORIENTED_EDGE('',*,*,#512,.F.);
#716=ORIENTED_EDGE('',*,*,#505,.F.);
#717=ORIENTED_EDGE('',*,*,#513,.T.);
#718=ORIENTED_EDGE('',*,*,#514,.T.);
#719=ORIENTED_EDGE('',*,*,#513,.F.);
#720=ORIENTED_EDGE('',*,*,#504,.F.);
#721=ORIENTED_EDGE('',*,*,#515,.T.);
#722=ORIENTED_EDGE('',*,*,#516,.T.);
#723=ORIENTED_EDGE('',*,*,#497,.F.);
#724=ORIENTED_EDGE('',*,*,#517,.T.);
#725=ORIENTED_EDGE('',*,*,#515,.F.);
#726=ORIENTED_EDGE('',*,*,#503,.F.);
#727=ORIENTED_EDGE('',*,*,#518,.F.);
#728=ORIENTED_EDGE('',*,*,#519,.F.);
#729=ORIENTED_EDGE('',*,*,#501,.F.);
#730=ORIENTED_EDGE('',*,*,#509,.T.);
#731=ORIENTED_EDGE('',*,*,#496,.F.);
#732=ORIENTED_EDGE('',*,*,#502,.F.);
#733=ORIENTED_EDGE('',*,*,#519,.T.);
#734=ORIENTED_EDGE('',*,*,#520,.T.);
#735=ORIENTED_EDGE('',*,*,#521,.T.);
#736=ORIENTED_EDGE('',*,*,#510,.F.);
#737=ORIENTED_EDGE('',*,*,#514,.F.);
#738=ORIENTED_EDGE('',*,*,#516,.F.);
#739=ORIENTED_EDGE('',*,*,#517,.F.);
#740=ORIENTED_EDGE('',*,*,#518,.T.);
#741=ORIENTED_EDGE('',*,*,#508,.T.);
#742=ORIENTED_EDGE('',*,*,#522,.T.);
#743=ORIENTED_EDGE('',*,*,#520,.F.);
#744=ORIENTED_EDGE('',*,*,#511,.F.);
#745=ORIENTED_EDGE('',*,*,#521,.F.);
#746=ORIENTED_EDGE('',*,*,#522,.F.);
#747=ORIENTED_EDGE('',*,*,#507,.T.);
#748=ORIENTED_EDGE('',*,*,#523,.T.);
#749=ORIENTED_EDGE('',*,*,#524,.T.);
#750=ORIENTED_EDGE('',*,*,#525,.T.);
#751=ORIENTED_EDGE('',*,*,#526,.T.);
#752=ORIENTED_EDGE('',*,*,#526,.F.);
#753=ORIENTED_EDGE('',*,*,#527,.F.);
#754=ORIENTED_EDGE('',*,*,#528,.T.);
#755=ORIENTED_EDGE('',*,*,#529,.T.);
#756=ORIENTED_EDGE('',*,*,#525,.F.);
#757=ORIENTED_EDGE('',*,*,#530,.T.);
#758=ORIENTED_EDGE('',*,*,#531,.T.);
#759=ORIENTED_EDGE('',*,*,#532,.T.);
#760=ORIENTED_EDGE('',*,*,#533,.F.);
#761=ORIENTED_EDGE('',*,*,#534,.F.);
#762=ORIENTED_EDGE('',*,*,#535,.F.);
#763=ORIENTED_EDGE('',*,*,#536,.F.);
#764=ORIENTED_EDGE('',*,*,#527,.T.);
#765=ORIENTED_EDGE('',*,*,#537,.T.);
#766=ORIENTED_EDGE('',*,*,#538,.T.);
#767=ORIENTED_EDGE('',*,*,#533,.T.);
#768=ORIENTED_EDGE('',*,*,#539,.T.);
#769=ORIENTED_EDGE('',*,*,#539,.F.);
#770=ORIENTED_EDGE('',*,*,#532,.F.);
#771=ORIENTED_EDGE('',*,*,#540,.T.);
#772=ORIENTED_EDGE('',*,*,#541,.T.);
#773=ORIENTED_EDGE('',*,*,#540,.F.);
#774=ORIENTED_EDGE('',*,*,#531,.F.);
#775=ORIENTED_EDGE('',*,*,#542,.T.);
#776=ORIENTED_EDGE('',*,*,#543,.T.);
#777=ORIENTED_EDGE('',*,*,#524,.F.);
#778=ORIENTED_EDGE('',*,*,#544,.T.);
#779=ORIENTED_EDGE('',*,*,#542,.F.);
#780=ORIENTED_EDGE('',*,*,#530,.F.);
#781=ORIENTED_EDGE('',*,*,#545,.F.);
#782=ORIENTED_EDGE('',*,*,#546,.F.);
#783=ORIENTED_EDGE('',*,*,#528,.F.);
#784=ORIENTED_EDGE('',*,*,#536,.T.);
#785=ORIENTED_EDGE('',*,*,#523,.F.);
#786=ORIENTED_EDGE('',*,*,#529,.F.);
#787=ORIENTED_EDGE('',*,*,#546,.T.);
#788=ORIENTED_EDGE('',*,*,#547,.T.);
#789=ORIENTED_EDGE('',*,*,#548,.T.);
#790=ORIENTED_EDGE('',*,*,#537,.F.);
#791=ORIENTED_EDGE('',*,*,#541,.F.);
#792=ORIENTED_EDGE('',*,*,#543,.F.);
#793=ORIENTED_EDGE('',*,*,#544,.F.);
#794=ORIENTED_EDGE('',*,*,#545,.T.);
#795=ORIENTED_EDGE('',*,*,#535,.T.);
#796=ORIENTED_EDGE('',*,*,#549,.T.);
#797=ORIENTED_EDGE('',*,*,#547,.F.);
#798=ORIENTED_EDGE('',*,*,#538,.F.);
#799=ORIENTED_EDGE('',*,*,#548,.F.);
#800=ORIENTED_EDGE('',*,*,#549,.F.);
#801=ORIENTED_EDGE('',*,*,#534,.T.);
#802=CYLINDRICAL_SURFACE('',#875,5.);
#803=CYLINDRICAL_SURFACE('',#885,1.585);
#804=CYLINDRICAL_SURFACE('',#887,5.);
#805=ADVANCED_FACE('',(#74),#802,.T.);
#806=ADVANCED_FACE('',(#75),#70,.T.);
#807=ADVANCED_FACE('',(#76),#25,.F.);
#808=ADVANCED_FACE('',(#77),#71,.F.);
#809=ADVANCED_FACE('',(#78,#23),#72,.T.);
#810=ADVANCED_FACE('',(#79),#803,.F.);
#811=ADVANCED_FACE('',(#80),#804,.T.);
#812=ADVANCED_FACE('',(#81,#24),#73,.F.);
#813=ADVANCED_FACE('',(#82),#26,.F.);
#814=ADVANCED_FACE('',(#83),#27,.F.);
#815=ADVANCED_FACE('',(#84),#28,.F.);
#816=ADVANCED_FACE('',(#85),#29,.F.);
#817=ADVANCED_FACE('',(#86),#30,.F.);
#818=ADVANCED_FACE('',(#87),#31,.F.);
#819=ADVANCED_FACE('',(#88),#32,.F.);
#820=ADVANCED_FACE('',(#89),#33,.T.);
#821=ADVANCED_FACE('',(#90),#34,.T.);
#822=ADVANCED_FACE('',(#91),#35,.T.);
#823=ADVANCED_FACE('',(#92),#36,.T.);
#824=ADVANCED_FACE('',(#93),#37,.F.);
#825=ADVANCED_FACE('',(#94),#38,.F.);
#826=ADVANCED_FACE('',(#95),#39,.F.);
#827=ADVANCED_FACE('',(#96),#40,.F.);
#828=ADVANCED_FACE('',(#97),#41,.F.);
#829=ADVANCED_FACE('',(#98),#42,.F.);
#830=ADVANCED_FACE('',(#99),#43,.F.);
#831=ADVANCED_FACE('',(#100),#44,.T.);
#832=ADVANCED_FACE('',(#101),#45,.T.);
#833=ADVANCED_FACE('',(#102),#46,.T.);
#834=ADVANCED_FACE('',(#103),#47,.T.);
#835=ADVANCED_FACE('',(#104),#48,.F.);
#836=ADVANCED_FACE('',(#105),#49,.F.);
#837=ADVANCED_FACE('',(#106),#50,.F.);
#838=ADVANCED_FACE('',(#107),#51,.F.);
#839=ADVANCED_FACE('',(#108),#52,.F.);
#840=ADVANCED_FACE('',(#109),#53,.F.);
#841=ADVANCED_FACE('',(#110),#54,.F.);
#842=ADVANCED_FACE('',(#111),#55,.T.);
#843=ADVANCED_FACE('',(#112),#56,.T.);
#844=ADVANCED_FACE('',(#113),#57,.T.);
#845=ADVANCED_FACE('',(#114),#58,.T.);
#846=ADVANCED_FACE('',(#115),#59,.F.);
#847=ADVANCED_FACE('',(#116),#60,.F.);
#848=ADVANCED_FACE('',(#117),#61,.F.);
#849=ADVANCED_FACE('',(#118),#62,.F.);
#850=ADVANCED_FACE('',(#119),#63,.F.);
#851=ADVANCED_FACE('',(#120),#64,.F.);
#852=ADVANCED_FACE('',(#121),#65,.F.);
#853=ADVANCED_FACE('',(#122),#66,.T.);
#854=ADVANCED_FACE('',(#123),#67,.T.);
#855=ADVANCED_FACE('',(#124),#68,.T.);
#856=ADVANCED_FACE('',(#125),#69,.T.);
#857=CLOSED_SHELL('',(#805,#806,#807,#808,#809,#810,#811,#812));
#858=CLOSED_SHELL('',(#813,#814,#815,#816,#817,#818,#819,#820,#821,#822,
#823));
#859=CLOSED_SHELL('',(#824,#825,#826,#827,#828,#829,#830,#831,#832,#833,
#834));
#860=CLOSED_SHELL('',(#835,#836,#837,#838,#839,#840,#841,#842,#843,#844,
#845));
#861=CLOSED_SHELL('',(#846,#847,#848,#849,#850,#851,#852,#853,#854,#855,
#856));
#862=DERIVED_UNIT_ELEMENT(#864,1.);
#863=DERIVED_UNIT_ELEMENT(#2821,-3.);
#864=(
MASS_UNIT()
NAMED_UNIT(*)
SI_UNIT(.KILO.,.GRAM.)
);
#865=DERIVED_UNIT((#862,#863));
#866=MEASURE_REPRESENTATION_ITEM('density measure',
POSITIVE_RATIO_MEASURE(7850.),#865);
#867=PROPERTY_DEFINITION_REPRESENTATION(#872,#869);
#868=PROPERTY_DEFINITION_REPRESENTATION(#873,#870);
#869=REPRESENTATION('material name',(#871),#2818);
#870=REPRESENTATION('density',(#866),#2818);
#871=DESCRIPTIVE_REPRESENTATION_ITEM('Steel','Steel');
#872=PROPERTY_DEFINITION('material property','material name',#2828);
#873=PROPERTY_DEFINITION('material property','density of part',#2828);
#874=AXIS2_PLACEMENT_3D('',#956,#890,#891);
#875=AXIS2_PLACEMENT_3D('',#957,#892,#893);
#876=AXIS2_PLACEMENT_3D('',#962,#895,#896);
#877=AXIS2_PLACEMENT_3D('',#991,#898,#899);
#878=AXIS2_PLACEMENT_3D('',#992,#900,#901);
#879=AXIS2_PLACEMENT_3D('',#995,#903,#904);
#880=AXIS2_PLACEMENT_3D('',#1087,#905,#906);
#881=AXIS2_PLACEMENT_3D('',#1141,#907,#908);
#882=AXIS2_PLACEMENT_3D('',#1145,#911,#912);
#883=AXIS2_PLACEMENT_3D('',#1146,#913,#914);
#884=AXIS2_PLACEMENT_3D('',#1148,#915,#916);
#885=AXIS2_PLACEMENT_3D('',#1149,#917,#918);
#886=AXIS2_PLACEMENT_3D('',#1152,#920,#921);
#887=AXIS2_PLACEMENT_3D('',#1153,#922,#923);
#888=AXIS2_PLACEMENT_3D('',#1154,#924,#925);
#889=AXIS2_PLACEMENT_3D('',#1155,#926,#927);
#890=DIRECTION('axis',(0.,0.,1.));
#891=DIRECTION('refdir',(1.,0.,0.));
#892=DIRECTION('center_axis',(0.,1.,0.));
#893=DIRECTION('ref_axis',(1.,0.,0.));
#894=DIRECTION('',(0.,-1.,0.));
#895=DIRECTION('center_axis',(0.,1.,0.));
#896=DIRECTION('ref_axis',(1.,0.,0.));
#897=DIRECTION('',(0.,-1.,0.));
#898=DIRECTION('center_axis',(0.,1.,0.));
#899=DIRECTION('ref_axis',(1.,0.,0.));
#900=DIRECTION('center_axis',(0.951056516295154,0.,0.309016994374948));
#901=DIRECTION('ref_axis',(0.309016994374948,0.,-0.951056516295154));
#902=DIRECTION('',(0.309016994374948,0.,-0.951056516295154));
#903=DIRECTION('center_axis',(-0.951056516295154,0.,-0.309016994374948));
#904=DIRECTION('ref_axis',(-0.309016994374947,0.,0.951056516295154));
#905=DIRECTION('center_axis',(0.,0.,-1.));
#906=DIRECTION('ref_axis',(-1.,0.,0.));
#907=DIRECTION('center_axis',(0.,0.,1.));
#908=DIRECTION('ref_axis',(1.,0.,0.));
#909=DIRECTION('',(0.,1.,0.));
#910=DIRECTION('',(1.,0.,0.));
#911=DIRECTION('center_axis',(0.,1.,0.));
#912=DIRECTION('ref_axis',(1.,0.,0.));
#913=DIRECTION('center_axis',(0.,1.,0.));
#914=DIRECTION('ref_axis',(1.,0.,0.));
#915=DIRECTION('center_axis',(0.,-1.,0.));
#916=DIRECTION('ref_axis',(-1.,0.,0.));
#917=DIRECTION('center_axis',(0.,-1.,0.));
#918=DIRECTION('ref_axis',(-1.,0.,0.));
#919=DIRECTION('',(0.,-1.,0.));
#920=DIRECTION('center_axis',(0.,1.,0.));
#921=DIRECTION('ref_axis',(-1.,0.,0.));
#922=DIRECTION('center_axis',(0.,1.,0.));
#923=DIRECTION('ref_axis',(1.,0.,0.));
#924=DIRECTION('center_axis',(0.,1.,0.));
#925=DIRECTION('ref_axis',(1.,0.,0.));
#926=DIRECTION('center_axis',(0.,1.,0.));
#927=DIRECTION('ref_axis',(1.,0.,0.));
#928=DIRECTION('',(0.999998353105672,-0.00181487904374895,0.));
#929=DIRECTION('',(-0.000841851757017229,-0.463860318116492,-0.885907950389026));
#930=DIRECTION('',(0.308113101154325,0.,-0.95134973427077));
#931=DIRECTION('',(-0.253157363027739,-0.959558567889824,-0.123120690113691));
#932=DIRECTION('',(-0.150005160472589,-0.959558097821314,-0.238215676934022));
#933=DIRECTION('',(0.695524623302032,0.463856423542056,0.548710047948221));
#934=DIRECTION('',(-0.842812061817687,-0.463853516364427,-0.272961066474644));
#935=DIRECTION('',(6.12322391141743E-17,-0.00181487904374895,-0.999998353105672));
#936=DIRECTION('',(-0.885907950389026,-0.463860318116492,0.000841851757017174));
#937=DIRECTION('',(-0.95134973427077,0.,-0.308113101154325));
#938=DIRECTION('',(-0.123120690113691,-0.959558567889824,0.253157363027739));
#939=DIRECTION('',(-0.238215676934022,-0.959558097821314,0.150005160472589));
#940=DIRECTION('',(0.548710047948221,0.463856423542056,-0.695524623302032));
#941=DIRECTION('',(-0.272961066474644,-0.463853516364427,0.842812061817687));
#942=DIRECTION('',(-0.999998353105672,-0.00181487904374895,-1.22464478228349E-16));
#943=DIRECTION('',(0.00084185175701712,-0.463860318116492,0.885907950389026));
#944=DIRECTION('',(-0.308113101154325,0.,0.95134973427077));
#945=DIRECTION('',(0.253157363027739,-0.959558567889824,0.123120690113691));
#946=DIRECTION('',(0.150005160472589,-0.959558097821314,0.238215676934022));
#947=DIRECTION('',(-0.695524623302032,0.463856423542056,-0.548710047948221));
#948=DIRECTION('',(0.842812061817687,-0.463853516364427,0.272961066474644));
#949=DIRECTION('',(-1.83696717342523E-16,-0.00181487904374895,0.999998353105672));
#950=DIRECTION('',(0.885907950389026,-0.463860318116492,-0.000841851757017066));
#951=DIRECTION('',(0.95134973427077,0.,0.308113101154325));
#952=DIRECTION('',(0.123120690113691,-0.959558567889824,-0.253157363027739));
#953=DIRECTION('',(0.238215676934022,-0.959558097821314,-0.150005160472589));
#954=DIRECTION('',(-0.548710047948221,0.463856423542056,0.695524623302032));
#955=DIRECTION('',(0.272961066474644,-0.463853516364427,-0.842812061817687));
#956=CARTESIAN_POINT('',(0.,0.,0.));
#957=CARTESIAN_POINT('Origin',(0.,0.,0.));
#958=CARTESIAN_POINT('',(-5.,12.,6.12323399573677E-16));
#959=CARTESIAN_POINT('',(-5.,-8.67361737988404E-18,6.12323399573677E-16));
#960=CARTESIAN_POINT('',(-5.,0.,6.12323399573677E-16));
#961=CARTESIAN_POINT('',(1.54508497187474,12.,-4.75528258147577));
#962=CARTESIAN_POINT('Origin',(0.,12.,0.));
#963=CARTESIAN_POINT('',(1.54508497187474,11.95,-4.75528258147577));
#964=CARTESIAN_POINT('',(1.54508497187474,0.,-4.75528258147577));
#965=CARTESIAN_POINT('',(4.99993146123713,0.,-0.0261798191570979));
#966=CARTESIAN_POINT('Ctrl Pts',(1.54508497187474,11.95,-4.75528258147577));
#967=CARTESIAN_POINT('Ctrl Pts',(1.7940709856032,11.45,-4.67438212152887));
#968=CARTESIAN_POINT('Ctrl Pts',(2.03668805036891,10.95,-4.57388587015211));
#969=CARTESIAN_POINT('Ctrl Pts',(2.26995333979855,10.45,-4.45503366468787));
#970=CARTESIAN_POINT('Ctrl Pts',(2.50321862922818,9.95,-4.33618145922362));
#971=CARTESIAN_POINT('Ctrl Pts',(2.72713214332174,9.45,-4.19897329967188));
#972=CARTESIAN_POINT('Ctrl Pts',(2.93893164858201,8.95,-4.04509207056598));
#973=CARTESIAN_POINT('Ctrl Pts',(3.15073115384228,8.45,-3.89121084146007));
#974=CARTESIAN_POINT('Ctrl Pts',(3.35041665026926,7.95,-3.72065654279999));
#975=CARTESIAN_POINT('Ctrl Pts',(3.53553515764768,7.45,-3.53553551647755));
#976=CARTESIAN_POINT('Ctrl Pts',(3.7206536650261,6.95,-3.35041449015511));
#977=CARTESIAN_POINT('Ctrl Pts',(3.89120518335596,6.45,-3.15072673617032));
#978=CARTESIAN_POINT('Ctrl Pts',(4.04508645355649,5.95,-2.93892733796717));
#979=CARTESIAN_POINT('Ctrl Pts',(4.19896772375702,5.45,-2.72712793976402));
#980=CARTESIAN_POINT('Ctrl Pts',(4.33617874582822,4.95,-2.50321689734251));
#981=CARTESIAN_POINT('Ctrl Pts',(4.45503453946217,4.45,-2.26995319146367));
#982=CARTESIAN_POINT('Ctrl Pts',(4.57389033309611,3.95,-2.03668948558483));
#983=CARTESIAN_POINT('Ctrl Pts',(4.6743908982928,3.45,-1.79407311624865));
#984=CARTESIAN_POINT('Ctrl Pts',(4.75529099744385,2.95,-1.54508790171375));
#985=CARTESIAN_POINT('Ctrl Pts',(4.8361910965949,2.45,-1.29610268717885));
#986=CARTESIAN_POINT('Ctrl Pts',(4.89749072970032,1.95,-1.04074862744523));
#987=CARTESIAN_POINT('Ctrl Pts',(4.93844295555159,1.45,-0.782172802600303));
#988=CARTESIAN_POINT('Ctrl Pts',(4.97803010720783,0.966666666666666,-0.532216171916875));
#989=CARTESIAN_POINT('Ctrl Pts',(4.99860373719658,0.483333333333332,-0.279248980723885));
#990=CARTESIAN_POINT('Ctrl Pts',(4.9999313268051,-1.54390389361936E-15,
-0.0261798135290574));
#991=CARTESIAN_POINT('Origin',(0.,0.,0.));
#992=CARTESIAN_POINT('Origin',(1.54508497187474,12.,-4.75528258147577));
#993=CARTESIAN_POINT('',(1.52963412215599,12.,-4.70772975566101));
#994=CARTESIAN_POINT('',(0.772542485937369,12.,-2.37764129073788));
#995=CARTESIAN_POINT('Origin',(1.54508497187474,12.,-4.75528258147577));
#996=CARTESIAN_POINT('Ctrl Pts',(5.,-0.05,0.));
#997=CARTESIAN_POINT('Ctrl Pts',(5.,0.45,-0.261799387799149));
#998=CARTESIAN_POINT('Ctrl Pts',(4.95879036280574,1.45,-0.785394567711607));
#999=CARTESIAN_POINT('Ctrl Pts',(4.77489146348949,2.95,-1.55145674691247));
#1000=CARTESIAN_POINT('Ctrl Pts',(4.47338976789943,4.45,-2.27930585492101));
#1001=CARTESIAN_POINT('Ctrl Pts',(4.06175670168581,5.95,-2.95103898218553));
#1002=CARTESIAN_POINT('Ctrl Pts',(3.55010214669625,7.45,-3.55010224413991));
#1003=CARTESIAN_POINT('Ctrl Pts',(2.9510456574153,8.95,-4.06176514012015));
#1004=CARTESIAN_POINT('Ctrl Pts',(2.27930511513462,10.45,-4.47338961877535));
#1005=CARTESIAN_POINT('Ctrl Pts',(1.7940709856032,11.45,-4.67438212152887));
#1006=CARTESIAN_POINT('Ctrl Pts',(1.54508497187474,11.95,-4.75528258147577));
#1007=CARTESIAN_POINT('Ctrl Pts',(4.98504003498291,-0.05,0.));
#1008=CARTESIAN_POINT('Ctrl Pts',(4.98504003498291,0.449999999999999,-0.261005050987057));
#1009=CARTESIAN_POINT('Ctrl Pts',(4.94394766757351,1.45,-0.783050160521317));
#1010=CARTESIAN_POINT('Ctrl Pts',(4.76059747166384,2.95,-1.54680784270313));
#1011=CARTESIAN_POINT('Ctrl Pts',(4.46000089484065,4.45,-2.27247800723642));
#1012=CARTESIAN_POINT('Ctrl Pts',(4.04959412740241,5.95,-2.94220235471861));
#1013=CARTESIAN_POINT('Ctrl Pts',(3.53947108835285,7.45,-3.53947859014105));
#1014=CARTESIAN_POINT('Ctrl Pts',(2.94220720038179,8.95,-4.04960733645641));
#1015=CARTESIAN_POINT('Ctrl Pts',(2.27248880633036,10.45,-4.45999783841889));
#1016=CARTESIAN_POINT('Ctrl Pts',(1.78869264297639,11.45,-4.66039981289001));
#1017=CARTESIAN_POINT('Ctrl Pts',(1.5404620884492,11.95,-4.74105480926271));
#1018=CARTESIAN_POINT('Ctrl Pts',(4.96293582389257,-0.0392346711683473,
0.));
#1019=CARTESIAN_POINT('Ctrl Pts',(4.96293582389257,0.460765328831654,-0.259863307545255));
#1020=CARTESIAN_POINT('Ctrl Pts',(4.92203417778988,1.46076532883165,-0.779570281779966));
#1021=CARTESIAN_POINT('Ctrl Pts',(4.73949912405377,2.96076532883165,-1.53995895071626));
#1022=CARTESIAN_POINT('Ctrl Pts',(4.44023114992487,4.46076532883165,-2.2624131429705));
#1023=CARTESIAN_POINT('Ctrl Pts',(4.03165166085058,5.96076532883165,-2.92916638971139));
#1024=CARTESIAN_POINT('Ctrl Pts',(3.52378964645369,7.46076532883165,-3.52378665951764));
#1025=CARTESIAN_POINT('Ctrl Pts',(2.92917376906354,8.96076532883165,-4.03165803949537));
#1026=CARTESIAN_POINT('Ctrl Pts',(2.26240760422828,10.4607653288317,-4.44023221283484));
#1027=CARTESIAN_POINT('Ctrl Pts',(1.78077620356196,11.4607653288317,-4.63973027702172));
#1028=CARTESIAN_POINT('Ctrl Pts',(1.53363151157503,11.9607653288317,-4.72003245526768));
#1029=CARTESIAN_POINT('Ctrl Pts',(4.94612614820098,-0.00455770671028851,
0.));
#1030=CARTESIAN_POINT('Ctrl Pts',(4.94612614820098,0.49544229328971,-0.258976039285396));
#1031=CARTESIAN_POINT('Ctrl Pts',(4.90535915839779,1.49544229328971,-0.776933374962703));
#1032=CARTESIAN_POINT('Ctrl Pts',(4.72344138015598,2.99544229328971,-1.5347385679674));
#1033=CARTESIAN_POINT('Ctrl Pts',(4.42518898761201,4.49544229328971,-2.25474498942566));
#1034=CARTESIAN_POINT('Ctrl Pts',(4.01798996168163,5.99544229328971,-2.91924058426034));
#1035=CARTESIAN_POINT('Ctrl Pts',(3.51184851527011,7.49544229328971,-3.51185030279167));
#1036=CARTESIAN_POINT('Ctrl Pts',(2.91924677427694,8.99544229328971,-4.01799940451092));
#1037=CARTESIAN_POINT('Ctrl Pts',(2.25474689244317,10.4954422932897,-4.42518817600177));
#1038=CARTESIAN_POINT('Ctrl Pts',(1.77473788584309,11.4954422932897,-4.62401750638929));
#1039=CARTESIAN_POINT('Ctrl Pts',(1.5284370361164,11.9954422932897,-4.70404550366439));
#1040=CARTESIAN_POINT('Ctrl Pts',(4.95522680792592,0.0356146238898074,0.));
#1041=CARTESIAN_POINT('Ctrl Pts',(4.95522680792592,0.535614623889811,-0.259454448178299));
#1042=CARTESIAN_POINT('Ctrl Pts',(4.91438584896203,1.53561462388981,-0.778361952063908));
#1043=CARTESIAN_POINT('Ctrl Pts',(4.73213361224082,3.03561462388981,-1.53756362139165));
#1044=CARTESIAN_POINT('Ctrl Pts',(4.43333192564501,4.53561462388981,-2.25889503495937));
#1045=CARTESIAN_POINT('Ctrl Pts',(4.02538458629596,6.03561462388981,-2.92461309352128));
#1046=CARTESIAN_POINT('Ctrl Pts',(3.51831174935419,7.53561462388981,-3.51831226247239));
#1047=CARTESIAN_POINT('Ctrl Pts',(2.92461960717822,9.03561462388981,-4.02539321895824));
#1048=CARTESIAN_POINT('Ctrl Pts',(2.25889495079162,10.5356146238898,-4.43333161428142));
#1049=CARTESIAN_POINT('Ctrl Pts',(1.77800513825317,11.5356146238898,-4.63252491164511));
#1050=CARTESIAN_POINT('Ctrl Pts',(1.53124929463143,12.0356146238898,-4.71270074539838));
#1051=CARTESIAN_POINT('Ctrl Pts',(4.98504003498291,0.0499999999999999,0.));
#1052=CARTESIAN_POINT('Ctrl Pts',(4.98504003498291,0.549999999999997,-0.261019747076954));
#1053=CARTESIAN_POINT('Ctrl Pts',(4.94395569712458,1.55,-0.783042851865959));
#1054=CARTESIAN_POINT('Ctrl Pts',(4.76060752661266,3.05,-1.54681710724067));
#1055=CARTESIAN_POINT('Ctrl Pts',(4.46000691740441,4.55,-2.27248890192838));
#1056=CARTESIAN_POINT('Ctrl Pts',(4.0496072143953,6.05,-2.94221186297551));
#1057=CARTESIAN_POINT('Ctrl Pts',(3.53948331089519,7.55,-3.53948095129459));
#1058=CARTESIAN_POINT('Ctrl Pts',(2.94221911863065,9.05,-4.04961403638146));
#1059=CARTESIAN_POINT('Ctrl Pts',(2.2724843366538,10.55,-4.46000773347447));
#1060=CARTESIAN_POINT('Ctrl Pts',(1.78870661978845,11.55,-4.66039527154848));
#1061=CARTESIAN_POINT('Ctrl Pts',(1.5404620884492,12.05,-4.74105480926271));
#1062=CARTESIAN_POINT('Ctrl Pts',(5.,0.05,0.));
#1063=CARTESIAN_POINT('Ctrl Pts',(5.,0.55,-0.261799387799149));
#1064=CARTESIAN_POINT('Ctrl Pts',(4.95879036280574,1.55,-0.785394567711607));
#1065=CARTESIAN_POINT('Ctrl Pts',(4.77489146348948,3.05,-1.55145674691247));
#1066=CARTESIAN_POINT('Ctrl Pts',(4.47338976789943,4.55,-2.27930585492101));
#1067=CARTESIAN_POINT('Ctrl Pts',(4.06175670168581,6.05,-2.95103898218553));
#1068=CARTESIAN_POINT('Ctrl Pts',(3.55010214669625,7.55,-3.55010224413991));
#1069=CARTESIAN_POINT('Ctrl Pts',(2.9510456574153,9.05,-4.06176514012015));
#1070=CARTESIAN_POINT('Ctrl Pts',(2.27930511513462,10.55,-4.47338961877535));
#1071=CARTESIAN_POINT('Ctrl Pts',(1.7940709856032,11.55,-4.67438212152887));
#1072=CARTESIAN_POINT('Ctrl Pts',(1.54508497187474,12.05,-4.75528258147577));
#1073=CARTESIAN_POINT('',(5.,0.05,0.));
#1074=CARTESIAN_POINT('',(1.56996227983702,12.,-4.74712738820952));
#1075=CARTESIAN_POINT('Ctrl Pts',(5.,0.05,0.));
#1076=CARTESIAN_POINT('Ctrl Pts',(5.,0.55,-0.261799387799149));
#1077=CARTESIAN_POINT('Ctrl Pts',(4.95879036280574,1.55,-0.785394567711607));
#1078=CARTESIAN_POINT('Ctrl Pts',(4.77489146348948,3.05,-1.55145674691247));
#1079=CARTESIAN_POINT('Ctrl Pts',(4.47338976789943,4.55,-2.27930585492101));
#1080=CARTESIAN_POINT('Ctrl Pts',(4.06175670168581,6.05,-2.95103898218553));
#1081=CARTESIAN_POINT('Ctrl Pts',(3.55010214669625,7.55,-3.55010224413991));
#1082=CARTESIAN_POINT('Ctrl Pts',(2.9510456574153,9.05,-4.06176514012015));
#1083=CARTESIAN_POINT('Ctrl Pts',(2.28676889893774,10.5333333333333,-4.46881601345696));
#1084=CARTESIAN_POINT('Ctrl Pts',(1.8102350657261,11.5166666666667,-4.66766197593255));
#1085=CARTESIAN_POINT('Ctrl Pts',(1.56996223294266,12.,-4.74712726209621));
#1086=CARTESIAN_POINT('',(4.95,0.,0.));
#1087=CARTESIAN_POINT('Origin',(5.,0.,0.));
#1088=CARTESIAN_POINT('Ctrl Pts',(4.9999313268051,1.38777878078134E-17,
-0.0261798135290583));
#1089=CARTESIAN_POINT('Ctrl Pts',(4.99571171990687,-2.93977850514663E-7,
-0.0261572722297597));
#1090=CARTESIAN_POINT('Ctrl Pts',(4.9915270401887,3.38867166895189E-5,-0.0258558279419004));
#1091=CARTESIAN_POINT('Ctrl Pts',(4.98745615736215,5.80423239951598E-5,
-0.0252830272455588));
#1092=CARTESIAN_POINT('Ctrl Pts',(4.98281435685278,8.55856149895272E-5,
-0.0246298945769616));
#1093=CARTESIAN_POINT('Ctrl Pts',(4.97838860773676,9.86349650616674E-5,
-0.0236333933281981));
#1094=CARTESIAN_POINT('Ctrl Pts',(4.97429653767921,8.61035076136071E-5,
-0.0223354616892759));
#1095=CARTESIAN_POINT('Ctrl Pts',(4.97022217333108,7.3626271706488E-5,-0.0210431459855944));
#1096=CARTESIAN_POINT('Ctrl Pts',(4.96647644109875,3.6962115558606E-5,-0.0194520168289489));
#1097=CARTESIAN_POINT('Ctrl Pts',(4.96320275848433,8.52800820305699E-6,
-0.0176021240238871));
#1098=CARTESIAN_POINT('Ctrl Pts',(4.96239643004501,1.52451027496241E-6,
-0.0171464838919341));
#1099=CARTESIAN_POINT('Ctrl Pts',(4.96162257205265,-4.58268344088377E-6,
-0.0166772888780648));
#1100=CARTESIAN_POINT('Ctrl Pts',(4.96088277858636,-8.98747623722176E-6,
-0.0161954149098006));
#1101=CARTESIAN_POINT('Ctrl Pts',(4.95813315543083,-2.53589647945234E-5,
-0.0144044125806874));
#1102=CARTESIAN_POINT('Ctrl Pts',(4.95585063644114,-2.0335145471982E-5,
-0.0124383369574224));
#1103=CARTESIAN_POINT('Ctrl Pts',(4.9540924700015,-1.42109931972577E-5,
-0.010341435438295));
#1104=CARTESIAN_POINT('Ctrl Pts',(4.9539255755958,-1.36296564527792E-5,
-0.0101423865172464));
#1105=CARTESIAN_POINT('Ctrl Pts',(4.95376344131874,-1.30222077116117E-5,
-0.00994215799927646));
#1106=CARTESIAN_POINT('Ctrl Pts',(4.95360613949524,-1.23978799104977E-5,
-0.00974078725234162));
#1107=CARTESIAN_POINT('Ctrl Pts',(4.95264808944976,-8.59539838214636E-6,
-0.00851433450715883));
#1108=CARTESIAN_POINT('Ctrl Pts',(4.95182370932678,-4.85989436767819E-6,
-0.00718775444264689));
#1109=CARTESIAN_POINT('Ctrl Pts',(4.95121207153862,-8.69291974903152E-7,
-0.00576864193656096));
#1110=CARTESIAN_POINT('Ctrl Pts',(4.95109718771169,-1.19737772256537E-7,
-0.00550209026383758));
#1111=CARTESIAN_POINT('Ctrl Pts',(4.95098986045651,5.86716397549336E-7,
-0.00523227294704181));
#1112=CARTESIAN_POINT('Ctrl Pts',(4.95089048090455,1.18056804604351E-6,
-0.00495923851319172));
#1113=CARTESIAN_POINT('Ctrl Pts',(4.95030963832999,4.65144624615642E-6,
-0.00336343715988483));
#1114=CARTESIAN_POINT('Ctrl Pts',(4.95001590720099,6.81026924878937E-6,
-0.00170346516889021));
#1115=CARTESIAN_POINT('Ctrl Pts',(4.95003914526438,8.40938300565933E-6,
0.));
#1116=CARTESIAN_POINT('Ctrl Pts',(1.56996223294266,12.,-4.74712726209621));
#1117=CARTESIAN_POINT('Ctrl Pts',(1.56863723739315,12.0000002939779,-4.7431210258996));
#1118=CARTESIAN_POINT('Ctrl Pts',(1.56705334101584,11.9999648615105,-4.73922143407229));
#1119=CARTESIAN_POINT('Ctrl Pts',(1.56524538779305,11.9999390943302,-4.735510865086));
#1120=CARTESIAN_POINT('Ctrl Pts',(1.56318833952907,11.9999097770155,-4.73128906366139));
#1121=CARTESIAN_POINT('Ctrl Pts',(1.56087123587527,11.9998944364324,-4.72737383669443));
#1122=CARTESIAN_POINT('Ctrl Pts',(1.55837460290929,11.9999054337171,-4.72387746329899));
#1123=CARTESIAN_POINT('Ctrl Pts',(1.55587796994331,11.9999164310018,-4.72038108990356));
#1124=CARTESIAN_POINT('Ctrl Pts',(1.55320108933416,11.9999526023271,-4.7173012886019));
#1125=CARTESIAN_POINT('Ctrl Pts',(1.55043187756382,11.9999827274262,-4.71477783330135));
#1126=CARTESIAN_POINT('Ctrl Pts',(1.54975128224894,11.9999901313386,-4.71415763809878));
#1127=CARTESIAN_POINT('Ctrl Pts',(1.54906832774058,11.9999967715564,-4.71357401873909));
#1128=CARTESIAN_POINT('Ctrl Pts',(1.54838440685753,12.0000018609794,-4.71302842867477));
#1129=CARTESIAN_POINT('Ctrl Pts',(1.54583018540172,12.0000208683145,-4.71099082771408));
#1130=CARTESIAN_POINT('Ctrl Pts',(1.54326143540495,12.0000203978512,-4.70948023949203));
#1131=CARTESIAN_POINT('Ctrl Pts',(1.54072408230243,12.0000187137697,-4.70849341012027));
#1132=CARTESIAN_POINT('Ctrl Pts',(1.540496561149,12.0000185627603,-4.70840492241366));
#1133=CARTESIAN_POINT('Ctrl Pts',(1.54026930155964,12.0000183873185,-4.7083206756801));
#1134=CARTESIAN_POINT('Ctrl Pts',(1.54004234216382,12.0000181936615,-4.7082406855309));
#1135=CARTESIAN_POINT('Ctrl Pts',(1.53831249490168,12.0000167176394,-4.70763101374311));
#1136=CARTESIAN_POINT('Ctrl Pts',(1.53650319497496,12.0000144741837,-4.7072340872046));
#1137=CARTESIAN_POINT('Ctrl Pts',(1.53466018799976,12.0000127525337,-4.70714964853249));
#1138=CARTESIAN_POINT('Ctrl Pts',(1.53295685821552,12.0000111613636,-4.70707160926999));
#1139=CARTESIAN_POINT('Ctrl Pts',(1.53127349131359,12.0000100084968,-4.70726268604489));
#1140=CARTESIAN_POINT('Ctrl Pts',(1.52964621870793,12.000008409383,-4.70776698501978));
#1141=CARTESIAN_POINT('Origin',(5.,0.,0.));
#1142=CARTESIAN_POINT('',(5.,0.,0.));
#1143=CARTESIAN_POINT('',(5.,0.,0.));
#1144=CARTESIAN_POINT('',(2.5,0.,0.));
#1145=CARTESIAN_POINT('Origin',(0.,12.,0.));
#1146=CARTESIAN_POINT('Origin',(0.,12.,0.));
#1147=CARTESIAN_POINT('',(1.585,12.,-1.94106517664856E-16));
#1148=CARTESIAN_POINT('Origin',(0.,12.,0.));
#1149=CARTESIAN_POINT('Origin',(0.,12.,0.));
#1150=CARTESIAN_POINT('',(1.585,0.,-1.94106517664856E-16));
#1151=CARTESIAN_POINT('',(1.585,12.,1.94106517664856E-16));
#1152=CARTESIAN_POINT('Origin',(0.,0.,0.));
#1153=CARTESIAN_POINT('Origin',(0.,0.,0.));
#1154=CARTESIAN_POINT('Origin',(0.,0.,0.));
#1155=CARTESIAN_POINT('Origin',(0.,0.,0.));
#1156=CARTESIAN_POINT('Ctrl Pts',(28.2985646641176,0.0937682760170516,0.0290229155815525));
#1157=CARTESIAN_POINT('Ctrl Pts',(28.2667183538875,-0.253283673096006,-0.0880149430923376));
#1158=CARTESIAN_POINT('Ctrl Pts',(28.2345091954518,-0.60022576067342,-0.20540150623442));
#1159=CARTESIAN_POINT('Ctrl Pts',(28.2019231041511,-0.94705193773183,-0.323152196666625));
#1160=CARTESIAN_POINT('Ctrl Pts',(28.9444265027604,0.0666394468310603,0.0196083212086001));
#1161=CARTESIAN_POINT('Ctrl Pts',(28.9155383892355,-0.281646609777479,-0.0951807829841439));
#1162=CARTESIAN_POINT('Ctrl Pts',(28.8862531360524,-0.629836171143905,-0.210314696838287));
#1163=CARTESIAN_POINT('Ctrl Pts',(28.8566177416595,-0.977958705676237,-0.325732431043025));
#1164=CARTESIAN_POINT('Ctrl Pts',(30.2325790345702,0.114892671820426,-0.302682623157906));
#1165=CARTESIAN_POINT('Ctrl Pts',(30.2107868251523,-0.234788400110819,-0.415809890362547));
#1166=CARTESIAN_POINT('Ctrl Pts',(30.1885722543058,-0.584423926927857,-0.529201529370326));
#1167=CARTESIAN_POINT('Ctrl Pts',(30.1661019792124,-0.934038917774354,-0.642838438901673));
#1168=CARTESIAN_POINT('Ctrl Pts',(31.9765902524594,0.536386122744774,-1.7951022867521));
#1169=CARTESIAN_POINT('Ctrl Pts',(31.9641568080702,0.188326130829222,-1.91460495984153));
#1170=CARTESIAN_POINT('Ctrl Pts',(31.9514886092477,-0.159704495613433,-2.03438003805211));
#1171=CARTESIAN_POINT('Ctrl Pts',(31.938522442455,-0.50771032545613,-2.15441620342215));
#1172=CARTESIAN_POINT('Ctrl Pts',(32.383429273845,1.0540003634045,-3.38649958576829));
#1173=CARTESIAN_POINT('Ctrl Pts',(32.3695477733652,0.709638666984137,-3.51478883749215));
#1174=CARTESIAN_POINT('Ctrl Pts',(32.3550350394164,0.365378216409,-3.64337762046961));
#1175=CARTESIAN_POINT('Ctrl Pts',(32.3405300373913,0.0211728520660199,-3.77228741557898));
#1176=CARTESIAN_POINT('Ctrl Pts',(32.2610548109915,1.36657485788685,-4.29629981221071));
#1177=CARTESIAN_POINT('Ctrl Pts',(32.2427881823893,1.02417114740168,-4.4280817534199));
#1178=CARTESIAN_POINT('Ctrl Pts',(32.2241554964263,0.681866213667587,-4.56014687081813));
#1179=CARTESIAN_POINT('Ctrl Pts',(32.2051425676817,0.339665179038967,-4.69250669263849));
#1180=CARTESIAN_POINT('',(28.2026468880506,-0.939347751103364,-0.320536620520653));
#1181=CARTESIAN_POINT('',(32.2051425676817,0.33966517903897,-4.69250669263849));
#1182=CARTESIAN_POINT('Ctrl Pts',(28.2026468880506,-0.939347751103364,-0.320536620520653));
#1183=CARTESIAN_POINT('Ctrl Pts',(28.7238636490442,-0.942086126398276,-0.315239721545874));
#1184=CARTESIAN_POINT('Ctrl Pts',(29.2413761152272,-0.912317745227154,-0.406348944780435));
#1185=CARTESIAN_POINT('Ctrl Pts',(30.2092142908713,-0.799104051977666,-0.773683951441577));
#1186=CARTESIAN_POINT('Ctrl Pts',(30.6504215933158,-0.716933073010079,-1.04598287492409));
#1187=CARTESIAN_POINT('Ctrl Pts',(31.3983598992291,-0.513610954238973,-1.73861400266454));
#1188=CARTESIAN_POINT('Ctrl Pts',(31.6979289196686,-0.394482763676456,-2.15191562807357));
#1189=CARTESIAN_POINT('Ctrl Pts',(32.0555481106104,-0.170085826246982,-2.93455621316382));
#1190=CARTESIAN_POINT('Ctrl Pts',(32.156537270281,-0.0717299490883743,-3.27846281212149));
#1191=CARTESIAN_POINT('Ctrl Pts',(32.2575224744358,0.131457352145362,-3.98324299882093));
#1192=CARTESIAN_POINT('Ctrl Pts',(32.2568706622759,0.235347347639828,-4.34077388439493));
#1193=CARTESIAN_POINT('Ctrl Pts',(32.2051425676817,0.33966517903897,-4.69250669263849));
#1194=CARTESIAN_POINT('',(32.2561538277433,1.27487370879151,-4.33160079894759));
#1195=CARTESIAN_POINT('Ctrl Pts',(32.2051425676817,0.339665179038967,-4.69250669263849));
#1196=CARTESIAN_POINT('Ctrl Pts',(32.2224581312531,0.651316469005146,-4.57196319616784));
#1197=CARTESIAN_POINT('Ctrl Pts',(32.2394583133353,0.963053935109801,-4.45166413384294));
#1198=CARTESIAN_POINT('Ctrl Pts',(32.2561538292461,1.27487370805248,-4.33160079752023));
#1199=CARTESIAN_POINT('',(28.2906619556443,0.00773019609475197,2.46416985793616E-12));
#1200=CARTESIAN_POINT('Ctrl Pts',(32.2561538277433,1.27487370879151,-4.33160079894759));
#1201=CARTESIAN_POINT('Ctrl Pts',(32.3234010368897,1.12811408816639,-3.83598552737844));
#1202=CARTESIAN_POINT('Ctrl Pts',(32.2892443583684,0.98277841238107,-3.33132754879095));
#1203=CARTESIAN_POINT('Ctrl Pts',(32.021678128406,0.705216421408601,-2.36373011499823));
#1204=CARTESIAN_POINT('Ctrl Pts',(31.7911719796424,0.575519981269676,-1.90996985439067));
#1205=CARTESIAN_POINT('Ctrl Pts',(31.1623574434362,0.345069439707455,-1.11454447605805));
#1206=CARTESIAN_POINT('Ctrl Pts',(30.7704903525732,0.246469752740396,-0.780505395690023));
#1207=CARTESIAN_POINT('Ctrl Pts',(30.0165072334601,0.118235527875634,-0.355632525398464));
#1208=CARTESIAN_POINT('Ctrl Pts',(29.6875185501099,0.0773000517439152,-0.223229631837686));
#1209=CARTESIAN_POINT('Ctrl Pts',(29.0010853009514,0.0215727848944053,-0.044952760901419));
#1210=CARTESIAN_POINT('Ctrl Pts',(28.6466310603547,0.00708415415543619,
1.53780775651058E-16));
#1211=CARTESIAN_POINT('Ctrl Pts',(28.290661955643,0.00773019608776241,-1.82145964977565E-16));
#1212=CARTESIAN_POINT('Ctrl Pts',(28.2906619569779,0.00773019543156376,
1.32051386318721E-9));
#1213=CARTESIAN_POINT('Ctrl Pts',(28.2616285476101,-0.308055354158651,-0.106551876004836));
#1214=CARTESIAN_POINT('Ctrl Pts',(28.2322937287259,-0.623749522233609,-0.213393543108779));
#1215=CARTESIAN_POINT('Ctrl Pts',(28.2026468880632,-0.939347751111435,-0.320536620508648));
#1216=CARTESIAN_POINT('Ctrl Pts',(5.,0.05,0.));
#1217=CARTESIAN_POINT('Ctrl Pts',(4.99971938274766,-0.104620106038831,-0.295302650129675));
#1218=CARTESIAN_POINT('Ctrl Pts',(4.99943876549532,-0.259240212077662,-0.590605300259351));
#1219=CARTESIAN_POINT('Ctrl Pts',(4.99915814824298,-0.413860318116492,-0.885907950389026));
#1220=CARTESIAN_POINT('Ctrl Pts',(8.32723742246302,0.0439614565835517,0.));
#1221=CARTESIAN_POINT('Ctrl Pts',(8.32681098934008,-0.191003194155154,-0.248488362819796));
#1222=CARTESIAN_POINT('Ctrl Pts',(8.32638049443396,-0.428205887429353,-0.510042415992199));
#1223=CARTESIAN_POINT('Ctrl Pts',(8.32595406131102,-0.663170538168059,-0.758530778811996));
#1224=CARTESIAN_POINT('Ctrl Pts',(16.0907914082101,0.0298715219451723,0.));
#1225=CARTESIAN_POINT('Ctrl Pts',(16.0902452074636,-0.271085089332225,-0.153325083666595));
#1226=CARTESIAN_POINT('Ctrl Pts',(16.0897025648771,-0.570081154533445,-0.303476758650181));
#1227=CARTESIAN_POINT('Ctrl Pts',(16.0891563641307,-0.871037765810842,-0.456801842316775));
#1228=CARTESIAN_POINT('Ctrl Pts',(23.8543453939571,0.0157815873067929,0.));
#1229=CARTESIAN_POINT('Ctrl Pts',(23.853782961964,-0.294118440897122,-0.123002616205175));
#1230=CARTESIAN_POINT('Ctrl Pts',(23.8532156317193,-0.606717405729784,-0.241510455337441));
#1231=CARTESIAN_POINT('Ctrl Pts',(23.8526531997262,-0.916617433933699,-0.364513071542616));
#1232=CARTESIAN_POINT('Ctrl Pts',(28.2906619572411,0.00773019608486181,
0.));
#1233=CARTESIAN_POINT('Ctrl Pts',(28.290088738784,-0.308113173807573,-0.106553968610757));
#1234=CARTESIAN_POINT('Ctrl Pts',(28.2895155203268,-0.623956543700008,-0.213107937221514));
#1235=CARTESIAN_POINT('Ctrl Pts',(28.2889423018697,-0.939799913592442,-0.319661905832271));
#1236=CARTESIAN_POINT('',(5.,0.05,0.));
#1237=CARTESIAN_POINT('',(5.,0.05,0.));
#1238=CARTESIAN_POINT('',(4.99915814824298,-0.413860318116492,-0.885907950389026));
#1239=CARTESIAN_POINT('',(5.,0.05,0.));
#1240=CARTESIAN_POINT('Ctrl Pts',(4.99915814824298,-0.413860318116492,-0.885907950389026));
#1241=CARTESIAN_POINT('Ctrl Pts',(8.32595406131102,-0.663170538168059,-0.758530778811996));
#1242=CARTESIAN_POINT('Ctrl Pts',(16.0603923504439,-0.870267581607505,-0.45791980046349));
#1243=CARTESIAN_POINT('Ctrl Pts',(23.7951229938059,-0.916277444816089,-0.365199838671603));
#1244=CARTESIAN_POINT('Ctrl Pts',(28.2026468865291,-0.939348589455339,-0.320535369045586));
#1245=CARTESIAN_POINT('Ctrl Pts',(5.,0.05,0.));
#1246=CARTESIAN_POINT('Ctrl Pts',(14.1833333333333,0.0333333333333334,0.));
#1247=CARTESIAN_POINT('Ctrl Pts',(23.3666666666667,0.0166666666666667,0.));
#1248=CARTESIAN_POINT('Ctrl Pts',(32.55,6.12323399573664E-18,0.));
#1249=CARTESIAN_POINT('Ctrl Pts',(5.,1.81920657086874,-0.926354394287336));
#1250=CARTESIAN_POINT('Ctrl Pts',(14.1833333333333,1.80500741685321,-2.63616946458003));
#1251=CARTESIAN_POINT('Ctrl Pts',(23.3666666666667,1.79080826283769,-4.34598453487272));
#1252=CARTESIAN_POINT('Ctrl Pts',(32.55,1.77660910882216,-6.05579960516542));
#1253=CARTESIAN_POINT('Ctrl Pts',(4.7266180494836,3.58841314173748,-1.84672676348512));
#1254=CARTESIAN_POINT('Ctrl Pts',(13.4235772618254,3.57668150037309,-5.26513416011254));
#1255=CARTESIAN_POINT('Ctrl Pts',(22.1205364741673,3.56494985900871,-8.68354155673997));
#1256=CARTESIAN_POINT('Ctrl Pts',(30.8174956865092,3.55321821764433,-12.1019489533674));
#1257=CARTESIAN_POINT('Ctrl Pts',(3.94147661577063,6.44724597090976,-3.12015580537127));
#1258=CARTESIAN_POINT('Ctrl Pts',(11.1726622447332,6.43950154409095,-8.88090449587326));
#1259=CARTESIAN_POINT('Ctrl Pts',(18.4038478736958,6.43175711727213,-14.6416531863752));
#1260=CARTESIAN_POINT('Ctrl Pts',(25.6350335026583,6.42401269045332,-20.4024018768772));
#1261=CARTESIAN_POINT('Ctrl Pts',(3.56161786406732,7.53687222921331,-3.55533109839652));
#1262=CARTESIAN_POINT('Ctrl Pts',(10.0758333263995,7.53064750428892,-10.1085238963828));
#1263=CARTESIAN_POINT('Ctrl Pts',(16.5900487887317,7.52442277936454,-16.661716694369));
#1264=CARTESIAN_POINT('Ctrl Pts',(23.1042642510639,7.51819805444015,-23.2149094923553));
#1265=CARTESIAN_POINT('Ctrl Pts',(2.83663515469712,9.30711200274602,-4.13285608725454));
#1266=CARTESIAN_POINT('Ctrl Pts',(8.00911976201001,9.30335623148067,-11.7472065016152));
#1267=CARTESIAN_POINT('Ctrl Pts',(13.1816043693229,9.29960046021533,-19.3615569159758));
#1268=CARTESIAN_POINT('Ctrl Pts',(18.3540889766358,9.29584468894998,-26.9759073303364));
#1269=CARTESIAN_POINT('Ctrl Pts',(2.53395805783172,9.98772551797517,-4.32475942472245));
#1270=CARTESIAN_POINT('Ctrl Pts',(7.14743810937874,9.98491899847444,-12.2924409773523));
#1271=CARTESIAN_POINT('Ctrl Pts',(11.7609181609258,9.98211247897371,-20.2601225299821));
#1272=CARTESIAN_POINT('Ctrl Pts',(16.3743982124728,9.97930595947298,-28.227804082612));
#1273=CARTESIAN_POINT('Ctrl Pts',(2.00612756492916,11.1122260221362,-4.58563542305731));
#1274=CARTESIAN_POINT('Ctrl Pts',(5.64261565213099,11.1109878436455,-13.0292654170787));
#1275=CARTESIAN_POINT('Ctrl Pts',(9.27910373933281,11.1097496651547,-21.4728954111001));
#1276=CARTESIAN_POINT('Ctrl Pts',(12.9155918265346,11.108511486664,-29.9165254051215));
#1277=CARTESIAN_POINT('Ctrl Pts',(1.79062649982,11.5561130110681,-4.6741496748363));
#1278=CARTESIAN_POINT('Ctrl Pts',(5.02825632039612,11.5554939218227,-13.2785586122638));
#1279=CARTESIAN_POINT('Ctrl Pts',(8.26588614097223,11.5548748325774,-21.8829675496914));
#1280=CARTESIAN_POINT('Ctrl Pts',(11.5035159615484,11.554255743332,-30.4873764871189));
#1281=CARTESIAN_POINT('Ctrl Pts',(1.56996227983703,12.,-4.74712738820952));
#1282=CARTESIAN_POINT('Ctrl Pts',(4.39947590885953,12.,-13.4837147939421));
#1283=CARTESIAN_POINT('Ctrl Pts',(7.22898953788204,12.,-22.2203021996747));
#1284=CARTESIAN_POINT('Ctrl Pts',(10.0585031669045,12.,-30.9568896054072));
#1285=CARTESIAN_POINT('',(27.6102965612626,5.32982732646649,-17.2387361427436));
#1286=CARTESIAN_POINT('Ctrl Pts',(32.2561538277433,1.27487370879151,-4.33160079894759));
#1287=CARTESIAN_POINT('Ctrl Pts',(31.6368092767801,2.62652491468317,-8.89620090230946));
#1288=CARTESIAN_POINT('Ctrl Pts',(30.0503462850019,3.97817612057483,-13.3306482215169));
#1289=CARTESIAN_POINT('Ctrl Pts',(27.6102965612626,5.32982732646649,-17.2387361427436));
#1290=CARTESIAN_POINT('',(14.2809261649998,10.662767229996,-29.2499170574862));
#1291=CARTESIAN_POINT('Ctrl Pts',(27.6102965612626,5.32982732646649,-17.2387361427436));
#1292=CARTESIAN_POINT('Ctrl Pts',(24.4012244570577,7.10747396097632,-22.3785231752673));
#1293=CARTESIAN_POINT('Ctrl Pts',(19.7259362923227,8.88512059548615,-26.5914552422561));
#1294=CARTESIAN_POINT('Ctrl Pts',(14.2809261649998,10.662767229996,-29.2499170574862));
#1295=CARTESIAN_POINT('',(14.0851838580597,10.7265680102384,-29.3446762755022));
#1296=CARTESIAN_POINT('Ctrl Pts',(14.2809261649998,10.662767229996,-29.2499170574862));
#1297=CARTESIAN_POINT('Ctrl Pts',(14.2157846294049,10.6840341567435,-29.2817216420352));
#1298=CARTESIAN_POINT('Ctrl Pts',(14.1505366940006,10.7053010834909,-29.3133082500744));
#1299=CARTESIAN_POINT('Ctrl Pts',(14.0851838580597,10.7265680102384,-29.3446762755022));
#1300=CARTESIAN_POINT('',(8.74691217298795,12.,-26.9071372941302));
#1301=CARTESIAN_POINT('Ctrl Pts',(8.74691217298795,12.,-26.9071372941302));
#1302=CARTESIAN_POINT('Ctrl Pts',(8.90750409541072,12.,-27.4029911937227));
#1303=CARTESIAN_POINT('Ctrl Pts',(9.15831527669927,11.9676560414709,-27.8645164836098));
#1304=CARTESIAN_POINT('Ctrl Pts',(9.81409257779353,11.849801961064,-28.6648230218363));
#1305=CARTESIAN_POINT('Ctrl Pts',(10.2124507415354,11.7656012931631,-28.9961939187337));
#1306=CARTESIAN_POINT('Ctrl Pts',(11.1067573310841,11.5588630159065,-29.4842404546692));
#1307=CARTESIAN_POINT('Ctrl Pts',(11.5937862517326,11.4383713145814,-29.6363521616339));
#1308=CARTESIAN_POINT('Ctrl Pts',(12.4347967887292,11.2160824701746,-29.7240915828649));
#1309=CARTESIAN_POINT('Ctrl Pts',(12.7782353098787,11.1213981797472,-29.7126485345843));
#1310=CARTESIAN_POINT('Ctrl Pts',(13.4512028816056,10.9262459148113,-29.5965345018632));
#1311=CARTESIAN_POINT('Ctrl Pts',(13.7777509624217,10.8266119146409,-29.4922377814241));
#1312=CARTESIAN_POINT('Ctrl Pts',(14.0851838580597,10.7265680102384,-29.3446762755022));
#1313=CARTESIAN_POINT('',(1.56996227983703,12.,-4.74712738820952));
#1314=CARTESIAN_POINT('',(1.56996227983703,12.,-4.74712738820952));
#1315=CARTESIAN_POINT('',(3.11537311871886,8.62649848751686,-3.91081197849806));
#1316=CARTESIAN_POINT('Ctrl Pts',(3.11537311871886,8.62649848751686,-3.91081197849806));
#1317=CARTESIAN_POINT('Ctrl Pts',(2.6548460000857,9.75099899167791,-4.27767027128201));
#1318=CARTESIAN_POINT('Ctrl Pts',(2.12897174127278,10.875499495839,-4.56225268467704));
#1319=CARTESIAN_POINT('Ctrl Pts',(1.56996227983703,12.,-4.74712738820952));
#1320=CARTESIAN_POINT('Ctrl Pts',(5.,0.05,0.));
#1321=CARTESIAN_POINT('Ctrl Pts',(5.,2.90883282917229,-1.49688136899483));
#1322=CARTESIAN_POINT('Ctrl Pts',(4.28617743636997,5.76766565834457,-2.97814318272255));
#1323=CARTESIAN_POINT('Ctrl Pts',(3.11537311871886,8.62649848751686,-3.91081197849806));
#1324=CARTESIAN_POINT('Ctrl Pts',(14.0851838580597,10.7265680102384,-29.3446762755022));
#1325=CARTESIAN_POINT('Ctrl Pts',(13.9657965269936,10.3858072631999,-29.4018095771873));
#1326=CARTESIAN_POINT('Ctrl Pts',(13.8465649886495,10.0449489477087,-29.4585114072525));
#1327=CARTESIAN_POINT('Ctrl Pts',(13.7274831931164,9.70399771373152,-29.5147975206638));
#1328=CARTESIAN_POINT('Ctrl Pts',(13.5330940421548,10.9349973298065,-29.6096809996411));
#1329=CARTESIAN_POINT('Ctrl Pts',(13.41503907248,10.5929423524363,-29.6633786057767));
#1330=CARTESIAN_POINT('Ctrl Pts',(13.2971563336787,10.2508163506316,-29.716725705649));
#1331=CARTESIAN_POINT('Ctrl Pts',(13.1794547097031,9.90859932586382,-29.7696419027364));
#1332=CARTESIAN_POINT('Ctrl Pts',(12.2931897117895,11.3508377848607,-29.8490369407872));
#1333=CARTESIAN_POINT('Ctrl Pts',(12.1801464916768,11.0059465662139,-29.8980848267006));
#1334=CARTESIAN_POINT('Ctrl Pts',(12.0672200138399,10.6610414692076,-29.9468473544709));
#1335=CARTESIAN_POINT('Ctrl Pts',(11.9545383656053,10.3160587523659,-29.995226552488));
#1336=CARTESIAN_POINT('Ctrl Pts',(10.1319912054304,11.9142335804505,-29.1671429304697));
#1337=CARTESIAN_POINT('Ctrl Pts',(10.0296503825569,11.5660323015677,-29.2182879694223));
#1338=CARTESIAN_POINT('Ctrl Pts',(9.92745611318872,11.2178112554311,-29.2690877839666));
#1339=CARTESIAN_POINT('Ctrl Pts',(9.82537169664813,10.8695775471835,-29.3195433141155));
#1340=CARTESIAN_POINT('Ctrl Pts',(9.06013604991485,12.0460630560112,-27.8240874197556));
#1341=CARTESIAN_POINT('Ctrl Pts',(8.96077664623206,11.6987833670356,-27.8843019177245));
#1342=CARTESIAN_POINT('Ctrl Pts',(8.86131411503767,11.3515504100416,-27.9442146075395));
#1343=CARTESIAN_POINT('Ctrl Pts',(8.7622583457776,11.0041491090759,-28.0035798604608));
#1344=CARTESIAN_POINT('Ctrl Pts',(8.7488938415149,12.0067587566238,-26.9058561188138));
#1345=CARTESIAN_POINT('Ctrl Pts',(8.6476172799234,11.6613465039528,-26.9713347790645));
#1346=CARTESIAN_POINT('Ctrl Pts',(8.54655935397466,11.3158257762407,-27.0363650219731));
#1347=CARTESIAN_POINT('Ctrl Pts',(8.4457104196951,10.970202106868,-27.1009636182686));
#1348=CARTESIAN_POINT('',(13.7577996171949,9.79078745727647,-29.5004604678176));
#1349=CARTESIAN_POINT('',(8.46963319142057,11.0521734724209,-27.0856343418773));
#1350=CARTESIAN_POINT('Ctrl Pts',(13.7577996171949,9.79078745727647,-29.5004604678176));
#1351=CARTESIAN_POINT('Ctrl Pts',(13.3045509227213,9.93750576011763,-29.7118501844386));
#1352=CARTESIAN_POINT('Ctrl Pts',(12.8125386434526,10.0827285326434,-29.8291069882878));
#1353=CARTESIAN_POINT('Ctrl Pts',(11.8090703199411,10.3599244983761,-29.8610066312696));
#1354=CARTESIAN_POINT('Ctrl Pts',(11.3072465414961,10.4893685202109,-29.775673200284));
#1355=CARTESIAN_POINT('Ctrl Pts',(10.3606845667291,10.7191198765757,-29.4114909915856));
#1356=CARTESIAN_POINT('Ctrl Pts',(9.92514440220122,10.8172771142162,-29.1365021595047));
#1357=CARTESIAN_POINT('Ctrl Pts',(9.30591282603364,10.9423450641304,-28.552870984787));
#1358=CARTESIAN_POINT('Ctrl Pts',(9.08972721734658,10.9815690176788,-28.290924650483));
#1359=CARTESIAN_POINT('Ctrl Pts',(8.72496061918905,11.0360403658829,-27.7178406790378));
#1360=CARTESIAN_POINT('Ctrl Pts',(8.57795271046773,11.0510200760172,-27.4089585685427));
#1361=CARTESIAN_POINT('Ctrl Pts',(8.46963319142057,11.0521734724209,-27.0856343418773));
#1362=CARTESIAN_POINT('Ctrl Pts',(8.46963319071856,11.052173472964,-27.0856343432601));
#1363=CARTESIAN_POINT('Ctrl Pts',(8.56188167166378,11.3682035006783,-27.0265016365986));
#1364=CARTESIAN_POINT('Ctrl Pts',(8.65430554114735,11.6841470866386,-26.9670068945434));
#1365=CARTESIAN_POINT('Ctrl Pts',(8.74691217298227,12.0000000000042,-26.9071372941413));
#1366=CARTESIAN_POINT('Ctrl Pts',(14.0851838580597,10.7265680102384,-29.3446762755022));
#1367=CARTESIAN_POINT('Ctrl Pts',(13.9759268475375,10.4147216845664,-29.3969616703396));
#1368=CARTESIAN_POINT('Ctrl Pts',(13.8668003126159,10.102793645819,-29.4488857099223));
#1369=CARTESIAN_POINT('Ctrl Pts',(13.757799616454,9.79078745787575,-29.5004604693485));
#1370=CARTESIAN_POINT('Ctrl Pts',(14.2809261649998,10.662767229996,-29.2499170574862));
#1371=CARTESIAN_POINT('Ctrl Pts',(14.1965403773239,10.3429143740327,-29.2909572875241));
#1372=CARTESIAN_POINT('Ctrl Pts',(14.112154589648,10.0230615180694,-29.331997517562));
#1373=CARTESIAN_POINT('Ctrl Pts',(14.0277688019721,9.70320866210616,-29.3730377475999));
#1374=CARTESIAN_POINT('Ctrl Pts',(14.1915069672027,10.6919601483391,-29.2935749235569));
#1375=CARTESIAN_POINT('Ctrl Pts',(14.1069962201388,10.3721072987712,-29.3343582653993));
#1376=CARTESIAN_POINT('Ctrl Pts',(14.0224854730665,10.052254449208,-29.3751416072482));
#1377=CARTESIAN_POINT('Ctrl Pts',(13.9379747260027,9.73240159964002,-29.4159249490905));
#1378=CARTESIAN_POINT('Ctrl Pts',(14.1018872823191,10.7211530666823,-29.3368220607399));
#1379=CARTESIAN_POINT('Ctrl Pts',(14.0172527554987,10.4013002213642,-29.3773479404933));
#1380=CARTESIAN_POINT('Ctrl Pts',(13.93261822867,10.0814473760508,-29.4178738202532));
#1381=CARTESIAN_POINT('Ctrl Pts',(13.8479837018496,9.76159453073272,-29.4583997000066));
#1382=CARTESIAN_POINT('Ctrl Pts',(14.0120709882703,10.7503459850255,-29.3796569013322));
#1383=CARTESIAN_POINT('Ctrl Pts',(13.9273138645785,10.4304931424425,-29.4199247568273));
#1384=CARTESIAN_POINT('Ctrl Pts',(13.8425567408867,10.1106402998595,-29.4601926123225));
#1385=CARTESIAN_POINT('Ctrl Pts',(13.7577996171949,9.79078745727647,-29.5004604678176));
#1386=CARTESIAN_POINT('',(14.0277688019721,9.70320866210616,-29.3730377475999));
#1387=CARTESIAN_POINT('',(14.2809261649998,10.662767229996,-29.2499170574862));
#1388=CARTESIAN_POINT('Ctrl Pts',(14.0277688019721,9.70320866210616,-29.3730377475999));
#1389=CARTESIAN_POINT('Ctrl Pts',(13.9379747260027,9.73240159964002,-29.4159249490905));
#1390=CARTESIAN_POINT('Ctrl Pts',(13.8479837018496,9.76159453073272,-29.4583997000066));
#1391=CARTESIAN_POINT('Ctrl Pts',(13.7577996171949,9.79078745727647,-29.5004604678176));
#1392=CARTESIAN_POINT('Ctrl Pts',(27.6102965612626,5.32982732646649,-17.2387361427436));
#1393=CARTESIAN_POINT('Ctrl Pts',(27.560294841105,5.00997462719272,-17.3181413683882));
#1394=CARTESIAN_POINT('Ctrl Pts',(27.5102931209475,4.69012192791895,-17.3975465940329));
#1395=CARTESIAN_POINT('Ctrl Pts',(27.46029140079,4.37026922864518,-17.4769518196776));
#1396=CARTESIAN_POINT('Ctrl Pts',(24.4012244570577,7.10747396097632,-22.3785231752673));
#1397=CARTESIAN_POINT('Ctrl Pts',(24.3364827632708,6.78762614827004,-22.4487011121238));
#1398=CARTESIAN_POINT('Ctrl Pts',(24.2716645249486,6.46784304588964,-22.5189870027657));
#1399=CARTESIAN_POINT('Ctrl Pts',(24.2069228311618,6.14799523318335,-22.5891649396222));
#1400=CARTESIAN_POINT('Ctrl Pts',(19.7259362923227,8.88512059548615,-26.5914552422561));
#1401=CARTESIAN_POINT('Ctrl Pts',(19.6491121329447,8.56527339156405,-26.648155522943));
#1402=CARTESIAN_POINT('Ctrl Pts',(19.5721769229564,8.24549084150472,-26.7049273853669));
#1403=CARTESIAN_POINT('Ctrl Pts',(19.4953527635784,7.92564363758262,-26.7616276660537));
#1404=CARTESIAN_POINT('Ctrl Pts',(14.2809261649998,10.662767229996,-29.2499170574862));
#1405=CARTESIAN_POINT('Ctrl Pts',(14.1965403773239,10.3429143740327,-29.2909572875241));
#1406=CARTESIAN_POINT('Ctrl Pts',(14.112154589648,10.0230615180694,-29.331997517562));
#1407=CARTESIAN_POINT('Ctrl Pts',(14.0277688019721,9.70320866210616,-29.3730377475999));
#1408=CARTESIAN_POINT('',(27.46029140079,4.37026922864518,-17.4769518196776));
#1409=CARTESIAN_POINT('',(27.6102965612626,5.32982732646649,-17.2387361427436));
#1410=CARTESIAN_POINT('Ctrl Pts',(27.46029140079,4.37026922864518,-17.4769518196776));
#1411=CARTESIAN_POINT('Ctrl Pts',(24.2069228311618,6.14799523318335,-22.5891649396222));
#1412=CARTESIAN_POINT('Ctrl Pts',(19.4953527635784,7.92564363758262,-26.7616276660537));
#1413=CARTESIAN_POINT('Ctrl Pts',(14.0277688019721,9.70320866210616,-29.3730377475999));
#1414=CARTESIAN_POINT('Ctrl Pts',(32.2561538277433,1.27487370879151,-4.33160079894759));
#1415=CARTESIAN_POINT('Ctrl Pts',(32.2431376990495,0.9550257324448,-4.42454682377843));
#1416=CARTESIAN_POINT('Ctrl Pts',(32.2301215703558,0.635177756098093,-4.51749284860927));
#1417=CARTESIAN_POINT('Ctrl Pts',(32.2171054416621,0.315329779751385,-4.61043887344012));
#1418=CARTESIAN_POINT('Ctrl Pts',(31.6368092767801,2.62652491468317,-8.89620090230946));
#1419=CARTESIAN_POINT('Ctrl Pts',(31.6106977505863,2.30666576094387,-8.98728451751144));
#1420=CARTESIAN_POINT('Ctrl Pts',(31.5845694266841,1.98682838359137,-9.07841093035085));
#1421=CARTESIAN_POINT('Ctrl Pts',(31.5584579004903,1.66696922985207,-9.16949454555283));
#1422=CARTESIAN_POINT('Ctrl Pts',(30.0503462850019,3.97817612057483,-13.3306482215169));
#1423=CARTESIAN_POINT('Ctrl Pts',(30.0115079710529,3.65833717859221,-13.4171485123643));
#1424=CARTESIAN_POINT('Ctrl Pts',(29.9726385618551,3.33851964372689,-13.5036854004004));
#1425=CARTESIAN_POINT('Ctrl Pts',(29.9338002479061,3.01868070174427,-13.5901856912479));
#1426=CARTESIAN_POINT('Ctrl Pts',(27.6102965612626,5.32982732646649,-17.2387361427436));
#1427=CARTESIAN_POINT('Ctrl Pts',(27.560294841105,5.00997462719272,-17.3181413683882));
#1428=CARTESIAN_POINT('Ctrl Pts',(27.5102931209475,4.69012192791895,-17.3975465940329));
#1429=CARTESIAN_POINT('Ctrl Pts',(27.46029140079,4.37026922864518,-17.4769518196776));
#1430=CARTESIAN_POINT('Ctrl Pts',(32.2051425603454,0.339665189848245,-4.69250671389801));
#1431=CARTESIAN_POINT('Ctrl Pts',(31.53892671359,1.68319369146597,-9.22253645621781));
#1432=CARTESIAN_POINT('Ctrl Pts',(29.9189556005353,3.02679219691671,-13.6135119359293));
#1433=CARTESIAN_POINT('Ctrl Pts',(27.46029140079,4.37026922864518,-17.4769518196776));
#1434=CARTESIAN_POINT('Ctrl Pts',(5.,0.05,0.));
#1435=CARTESIAN_POINT('Ctrl Pts',(4.99971938274766,-0.104620106038831,-0.295302650129675));
#1436=CARTESIAN_POINT('Ctrl Pts',(4.99943876549532,-0.259240212077662,-0.590605300259351));
#1437=CARTESIAN_POINT('Ctrl Pts',(4.99915814824298,-0.413860318116492,-0.885907950389026));
#1438=CARTESIAN_POINT('Ctrl Pts',(5.,2.90883282917229,-1.49688136899483));
#1439=CARTESIAN_POINT('Ctrl Pts',(4.91073159051677,2.75437489978712,-1.7927240097458));
#1440=CARTESIAN_POINT('Ctrl Pts',(4.82210161563343,2.60195698927053,-2.08801649590111));
#1441=CARTESIAN_POINT('Ctrl Pts',(4.73283320615021,2.44749905988537,-2.38385913665208));
#1442=CARTESIAN_POINT('Ctrl Pts',(4.28617743636997,5.76766565834457,-2.97814318272255));
#1443=CARTESIAN_POINT('Ctrl Pts',(4.10896230290787,5.61322129316741,-3.2313163938586));
#1444=CARTESIAN_POINT('Ctrl Pts',(3.93180091640337,5.46081575130378,-3.48364134227429));
#1445=CARTESIAN_POINT('Ctrl Pts',(3.75458578294128,5.30637138612662,-3.73681455341035));
#1446=CARTESIAN_POINT('Ctrl Pts',(3.11537311871886,8.62649848751686,-3.91081197849806));
#1447=CARTESIAN_POINT('Ctrl Pts',(2.88353157761818,8.47187967966951,-4.09371532781413));
#1448=CARTESIAN_POINT('Ctrl Pts',(2.6516900365175,8.31726087182216,-4.27661867713021));
#1449=CARTESIAN_POINT('Ctrl Pts',(2.41984849541683,8.16264206397481,-4.45952202644628));
#1450=CARTESIAN_POINT('',(2.41984849541683,8.16264206397481,-4.45952202644628));
#1451=CARTESIAN_POINT('',(3.11537311871886,8.62649848751686,-3.91081197849806));
#1452=CARTESIAN_POINT('Ctrl Pts',(4.99915814824298,-0.413860318116492,-0.885907950389026));
#1453=CARTESIAN_POINT('Ctrl Pts',(4.73283320615021,2.44749905988537,-2.38385913665208));
#1454=CARTESIAN_POINT('Ctrl Pts',(3.75458578294128,5.30637138612662,-3.73681455341035));
#1455=CARTESIAN_POINT('Ctrl Pts',(2.41984849541683,8.16264206397481,-4.45952202644628));
#1456=CARTESIAN_POINT('Ctrl Pts',(4.99915814824298,-0.413860318116492,-0.885907950389026));
#1457=CARTESIAN_POINT('Ctrl Pts',(7.62261950436613,-0.610462618072025,-0.785460223502038));
#1458=CARTESIAN_POINT('Ctrl Pts',(12.8699141961801,-0.798706476177468,-0.569086497495423));
#1459=CARTESIAN_POINT('Ctrl Pts',(22.0530750577696,-0.91040507368766,-0.382730019961179));
#1460=CARTESIAN_POINT('Ctrl Pts',(28.6125608484814,-0.943258201057599,-0.312718327351055));
#1461=CARTESIAN_POINT('Ctrl Pts',(32.5482585168743,-0.959557202242985,-0.281508335329771));
#1462=CARTESIAN_POINT('Ctrl Pts',(4.83434129266168,1.35690982329239,-1.81292440778172));
#1463=CARTESIAN_POINT('Ctrl Pts',(7.47787449983432,1.16051946216132,-2.20110299437963));
#1464=CARTESIAN_POINT('Ctrl Pts',(12.7640072247214,0.973047559409269,-2.9614380132794));
#1465=CARTESIAN_POINT('Ctrl Pts',(21.9826039432945,0.86354426682245,-4.48455193632225));
#1466=CARTESIAN_POINT('Ctrl Pts',(28.554623202599,0.83238882386455,-5.63573029506188));
#1467=CARTESIAN_POINT('Ctrl Pts',(32.496103362139,0.817130124835268,-6.33725191220425));
#1468=CARTESIAN_POINT('Ctrl Pts',(4.39636884229027,3.1243181576401,-2.68516056308627));
#1469=CARTESIAN_POINT('Ctrl Pts',(6.91781612940065,2.92936577576356,-3.56596352343353));
#1470=CARTESIAN_POINT('Ctrl Pts',(11.9683167827394,2.7440292270152,-5.31537432576777));
#1471=CARTESIAN_POINT('Ctrl Pts',(20.7342549488378,2.63724089839946,-8.55692127595796));
#1472=CARTESIAN_POINT('Ctrl Pts',(26.9726015304574,2.60789772056186,-10.9326253958173));
#1473=CARTESIAN_POINT('Ctrl Pts',(30.7114937424513,2.59370459334631,-12.3681129605522));
#1474=CARTESIAN_POINT('Ctrl Pts',(3.38544452353651,5.98386652892933,-3.81756080047927));
#1475=CARTESIAN_POINT('Ctrl Pts',(5.51440125982098,5.7895762227541,-5.38375485109141));
#1476=CARTESIAN_POINT('Ctrl Pts',(9.7821425461336,5.6062270320086,-8.50565070081317));
#1477=CARTESIAN_POINT('Ctrl Pts',(17.1301986410134,5.50340971810341,-14.1192654761078));
#1478=CARTESIAN_POINT('Ctrl Pts',(22.3392249404459,5.47692116511669,-18.1791498434053));
#1479=CARTESIAN_POINT('Ctrl Pts',(25.4578734857024,5.46444622383649,-20.6234754932392));
#1480=CARTESIAN_POINT('Ctrl Pts',(2.92857384858297,7.07397458745894,-4.18410095906161));
#1481=CARTESIAN_POINT('Ctrl Pts',(4.86117440977796,6.87991411384444,-5.98427769056901));
#1482=CARTESIAN_POINT('Ctrl Pts',(8.73842346120473,6.69723950666637,-9.57604055067774));
#1483=CARTESIAN_POINT('Ctrl Pts',(15.3856581788246,6.59587976608809,-15.99639646286));
#1484=CARTESIAN_POINT('Ctrl Pts',(20.0887544609618,6.57046440594571,-20.6278326999047));
#1485=CARTESIAN_POINT('Ctrl Pts',(22.9028521705054,6.55863905192811,-23.4142019367063));
#1486=CARTESIAN_POINT('Ctrl Pts',(2.1019780560161,8.84289059638692,-4.6316525147819));
#1487=CARTESIAN_POINT('Ctrl Pts',(3.6630312894877,8.65017876394953,-6.7499993043051));
#1488=CARTESIAN_POINT('Ctrl Pts',(6.79808504688497,8.46945560220414,-10.979791342035));
#1489=CARTESIAN_POINT('Ctrl Pts',(12.1250222850465,8.37069466026328,-18.4888757817619));
#1490=CARTESIAN_POINT('Ctrl Pts',(15.8777197391992,8.34706539154543,-23.8884639539943));
#1491=CARTESIAN_POINT('Ctrl Pts',(18.1203797474719,8.3362974859319,-27.1341856740458));
#1492=CARTESIAN_POINT('Ctrl Pts',(1.76524192032788,9.52390638779021,-4.76970444531587));
#1493=CARTESIAN_POINT('Ctrl Pts',(3.17033324288243,9.33133623997428,-6.99509786451792));
#1494=CARTESIAN_POINT('Ctrl Pts',(5.994383077162,9.15099244792117,-11.4400150977341));
#1495=CARTESIAN_POINT('Ctrl Pts',(10.7694866427533,9.05311116977523,-19.3137182376103));
#1496=CARTESIAN_POINT('Ctrl Pts',(14.125625519849,9.03014376751232,-24.9699662510553));
#1497=CARTESIAN_POINT('Ctrl Pts',(16.1299191652941,9.0197784593923,-28.3690153073081));
#1498=CARTESIAN_POINT('Ctrl Pts',(1.1915654013254,10.6483518631437,-4.93637811291));
#1499=CARTESIAN_POINT('Ctrl Pts',(2.32291021724682,10.4561268723952,-7.30876136120635));
#1500=CARTESIAN_POINT('Ctrl Pts',(4.59988536209609,10.2767038326564,-12.048285959128));
#1501=CARTESIAN_POINT('Ctrl Pts',(8.40769806290904,10.1804514815785,-20.4179663407456));
#1502=CARTESIAN_POINT('Ctrl Pts',(11.069563555143,10.1586241036866,-26.4215112896149));
#1503=CARTESIAN_POINT('Ctrl Pts',(12.6567510201648,10.1489397895603,-30.0278581384075));
#1504=CARTESIAN_POINT('Ctrl Pts',(0.960543145321637,11.092284854177,-4.9864558071829));
#1505=CARTESIAN_POINT('Ctrl Pts',(1.97958792936847,10.9002536943468,-7.40911844836831));
#1506=CARTESIAN_POINT('Ctrl Pts',(4.03251496761523,10.7211659624808,-12.2499827043757));
#1507=CARTESIAN_POINT('Ctrl Pts',(7.4447014240552,10.6255106393725,-20.7885125089622));
#1508=CARTESIAN_POINT('Ctrl Pts',(9.82293249143602,10.604119104333,-26.9099551838218));
#1509=CARTESIAN_POINT('Ctrl Pts',(11.2397332881305,10.5946974645202,-30.5865623898237));
#1510=CARTESIAN_POINT('Ctrl Pts',(0.727150218019338,11.5361464836356,-5.02008845468416));
#1511=CARTESIAN_POINT('Ctrl Pts',(1.63114302120873,11.3443029510976,-7.48530721227358));
#1512=CARTESIAN_POINT('Ctrl Pts',(3.45385700214787,11.1655792846644,-12.4109746571015));
#1513=CARTESIAN_POINT('Ctrl Pts',(6.46066209098972,11.0705462747184,-21.0901427778695));
#1514=CARTESIAN_POINT('Ctrl Pts',(8.54834930551138,11.0495976010591,-27.3089906892931));
#1515=CARTESIAN_POINT('Ctrl Pts',(9.79068976945075,11.0404413770318,-31.0436261791904));
#1516=CARTESIAN_POINT('',(0.727150218019338,11.5361464836356,-5.02008845468416));
#1517=CARTESIAN_POINT('Ctrl Pts',(2.41978374339474,8.16278603598661,-4.45957998419065));
#1518=CARTESIAN_POINT('Ctrl Pts',(2.1019780560161,8.84289059638692,-4.6316525147819));
#1519=CARTESIAN_POINT('Ctrl Pts',(1.76524192032788,9.52390638779021,-4.76970444531587));
#1520=CARTESIAN_POINT('Ctrl Pts',(1.41801931726288,10.2044865963646,-4.87058510333035));
#1521=CARTESIAN_POINT('Ctrl Pts',(1.1915654013254,10.6483518631437,-4.93637811291));
#1522=CARTESIAN_POINT('Ctrl Pts',(0.960543145321638,11.092284854177,-4.98645580718291));
#1523=CARTESIAN_POINT('Ctrl Pts',(0.727150218019339,11.5361464836356,-5.02008845468416));
#1524=CARTESIAN_POINT('Ctrl Pts',(0.727150218019338,11.5361464836356,-5.02008845468416));
#1525=CARTESIAN_POINT('Ctrl Pts',(1.63114302120873,11.3443029510976,-7.48530721227358));
#1526=CARTESIAN_POINT('Ctrl Pts',(3.45385700214787,11.1655792846644,-12.4109746571015));
#1527=CARTESIAN_POINT('Ctrl Pts',(6.00528041716422,11.0849390570435,-19.7756797550034));
#1528=CARTESIAN_POINT('Ctrl Pts',(7.66034384133024,11.0605910365974,-24.6726940606943));
#1529=CARTESIAN_POINT('Ctrl Pts',(8.46927084060166,11.0520220078361,-27.0857516962323));
#1530=CARTESIAN_POINT('Ctrl Pts',(3.11537311871886,8.62649848751686,-3.91081197849806));
#1531=CARTESIAN_POINT('Ctrl Pts',(2.88353157761818,8.47187967966951,-4.09371532781413));
#1532=CARTESIAN_POINT('Ctrl Pts',(2.6516900365175,8.31726087182216,-4.27661867713021));
#1533=CARTESIAN_POINT('Ctrl Pts',(2.41984849541683,8.16264206397481,-4.45952202644628));
#1534=CARTESIAN_POINT('Ctrl Pts',(2.6548460000857,9.75099899167791,-4.27767027128201));
#1535=CARTESIAN_POINT('Ctrl Pts',(2.4013605035161,9.59638377482699,-4.43316281526215));
#1536=CARTESIAN_POINT('Ctrl Pts',(2.1478859681327,9.44181921527379,-4.58864836031051));
#1537=CARTESIAN_POINT('Ctrl Pts',(1.8944004715631,9.28720399842287,-4.74414090429066));
#1538=CARTESIAN_POINT('Ctrl Pts',(2.12897174127278,10.875499495839,-4.56225268467704));
#1539=CARTESIAN_POINT('Ctrl Pts',(1.85878122783719,10.720886187543,-4.68647130251724));
#1540=CARTESIAN_POINT('Ctrl Pts',(1.58859587288312,10.5663235310153,-4.81066813007072));
#1541=CARTESIAN_POINT('Ctrl Pts',(1.31840535944753,10.4117102227193,-4.93488674791092));
#1542=CARTESIAN_POINT('Ctrl Pts',(1.56996227983703,12.,-4.74712738820952));
#1543=CARTESIAN_POINT('Ctrl Pts',(1.2890249258978,11.8453821612119,-4.83811441036773));
#1544=CARTESIAN_POINT('Ctrl Pts',(1.00808757195857,11.6907643224237,-4.92910143252595));
#1545=CARTESIAN_POINT('Ctrl Pts',(0.727150218019338,11.5361464836356,-5.02008845468416));
#1546=CARTESIAN_POINT('',(1.56996227983703,12.,-4.74712738820952));
#1547=CARTESIAN_POINT('Ctrl Pts',(1.56996227983703,12.,-4.74712738820952));
#1548=CARTESIAN_POINT('Ctrl Pts',(1.2890249258978,11.8453821612119,-4.83811441036773));
#1549=CARTESIAN_POINT('Ctrl Pts',(1.00808757195857,11.6907643224237,-4.92910143252595));
#1550=CARTESIAN_POINT('Ctrl Pts',(0.727150218019338,11.5361464836356,-5.02008845468416));
#1551=CARTESIAN_POINT('Ctrl Pts',(2.25595736796496,12.,-6.86524973470035));
#1552=CARTESIAN_POINT('Ctrl Pts',(2.00359111389037,11.7906846595753,-6.94698345088121));
#1553=CARTESIAN_POINT('Ctrl Pts',(1.74659925167681,11.582673061069,-7.03021526015768));
#1554=CARTESIAN_POINT('Ctrl Pts',(1.49423299760223,11.3733577206443,-7.11194897633854));
#1555=CARTESIAN_POINT('Ctrl Pts',(3.62794754422083,12.,-11.101494427682));
#1556=CARTESIAN_POINT('Ctrl Pts',(3.43319073495123,11.7324629351222,-11.1645702055094));
#1557=CARTESIAN_POINT('Ctrl Pts',(3.23879846304007,11.4646406136932,-11.2275279208283));
#1558=CARTESIAN_POINT('Ctrl Pts',(3.04404165377047,11.1971035488153,-11.2906036986557));
#1559=CARTESIAN_POINT('Ctrl Pts',(6.02893035266861,12.,-18.5149226403999));
#1560=CARTESIAN_POINT('Ctrl Pts',(5.89477342408058,11.6962681757462,-18.5583719690953));
#1561=CARTESIAN_POINT('Ctrl Pts',(5.75897746945912,11.3930467348342,-18.6023521282265));
#1562=CARTESIAN_POINT('Ctrl Pts',(5.62482054087109,11.0893149105804,-18.6458014569219));
#1563=CARTESIAN_POINT('Ctrl Pts',(7.74391807298845,12.,-23.810228506627));
#1564=CARTESIAN_POINT('Ctrl Pts',(7.63203421214437,11.6879100969882,-23.8464642694511));
#1565=CARTESIAN_POINT('Ctrl Pts',(7.52056972042014,11.3755604421808,-23.8825642114352));
#1566=CARTESIAN_POINT('Ctrl Pts',(7.40868585957605,11.0634705391689,-23.9187999742592));
#1567=CARTESIAN_POINT('Ctrl Pts',(8.77291070518036,12.,-26.9874120263633));
#1568=CARTESIAN_POINT('Ctrl Pts',(8.67181820075379,11.6840578241386,-27.0201527986789));
#1569=CARTESIAN_POINT('Ctrl Pts',(8.57072569632722,11.3681156482772,-27.0528935709946));
#1570=CARTESIAN_POINT('Ctrl Pts',(8.46963319190064,11.0521734724157,-27.0856343433102));
#1571=CARTESIAN_POINT('Ctrl Pts',(0.0290229155815541,0.0937682760170527,
-28.2985646641176));
#1572=CARTESIAN_POINT('Ctrl Pts',(-0.088014943092336,-0.253283673096005,
-28.2667183538875));
#1573=CARTESIAN_POINT('Ctrl Pts',(-0.205401506234418,-0.60022576067342,
-28.2345091954518));
#1574=CARTESIAN_POINT('Ctrl Pts',(-0.323152196666623,-0.94705193773183,
-28.2019231041511));
#1575=CARTESIAN_POINT('Ctrl Pts',(0.0196083212086011,0.0666394468310617,
-28.9444265027604));
#1576=CARTESIAN_POINT('Ctrl Pts',(-0.0951807829841427,-0.281646609777477,
-28.9155383892355));
#1577=CARTESIAN_POINT('Ctrl Pts',(-0.210314696838284,-0.629836171143904,
-28.8862531360524));
#1578=CARTESIAN_POINT('Ctrl Pts',(-0.325732431043022,-0.977958705676238,
-28.8566177416595));
#1579=CARTESIAN_POINT('Ctrl Pts',(-0.302682623157905,0.114892671820428,
-30.2325790345702));
#1580=CARTESIAN_POINT('Ctrl Pts',(-0.415809890362547,-0.234788400110819,
-30.2107868251523));
#1581=CARTESIAN_POINT('Ctrl Pts',(-0.529201529370322,-0.584423926927858,
-30.1885722543058));
#1582=CARTESIAN_POINT('Ctrl Pts',(-0.642838438901669,-0.934038917774355,
-30.1661019792123));
#1583=CARTESIAN_POINT('Ctrl Pts',(-1.7951022867521,0.536386122744777,-31.9765902524594));
#1584=CARTESIAN_POINT('Ctrl Pts',(-1.91460495984153,0.188326130829226,-31.9641568080702));
#1585=CARTESIAN_POINT('Ctrl Pts',(-2.0343800380521,-0.159704495613433,-31.9514886092477));
#1586=CARTESIAN_POINT('Ctrl Pts',(-2.15441620342215,-0.507710325456131,
-31.938522442455));
#1587=CARTESIAN_POINT('Ctrl Pts',(-3.38649958576829,1.0540003634045,-32.383429273845));
#1588=CARTESIAN_POINT('Ctrl Pts',(-3.51478883749215,0.709638666984138,-32.3695477733652));
#1589=CARTESIAN_POINT('Ctrl Pts',(-3.6433776204696,0.365378216408999,-32.3550350394164));
#1590=CARTESIAN_POINT('Ctrl Pts',(-3.77228741557898,0.0211728520660189,
-32.3405300373914));
#1591=CARTESIAN_POINT('Ctrl Pts',(-4.29629981221071,1.36657485788685,-32.2610548109915));
#1592=CARTESIAN_POINT('Ctrl Pts',(-4.4280817534199,1.02417114740168,-32.2427881823893));
#1593=CARTESIAN_POINT('Ctrl Pts',(-4.56014687081813,0.681866213667587,-32.2241554964263));
#1594=CARTESIAN_POINT('Ctrl Pts',(-4.69250669263849,0.339665179038966,-32.2051425676817));
#1595=CARTESIAN_POINT('',(-0.320536620520651,-0.939347751103364,-28.2026468880506));
#1596=CARTESIAN_POINT('',(-4.69250669263849,0.33966517903897,-32.2051425676817));
#1597=CARTESIAN_POINT('Ctrl Pts',(-0.320536620520651,-0.939347751103364,
-28.2026468880506));
#1598=CARTESIAN_POINT('Ctrl Pts',(-0.315239721545872,-0.942086126398276,
-28.7238636490442));
#1599=CARTESIAN_POINT('Ctrl Pts',(-0.406348944780433,-0.912317745227154,
-29.2413761152272));
#1600=CARTESIAN_POINT('Ctrl Pts',(-0.773683951441575,-0.799104051977666,
-30.2092142908713));
#1601=CARTESIAN_POINT('Ctrl Pts',(-1.04598287492409,-0.716933073010079,
-30.6504215933158));
#1602=CARTESIAN_POINT('Ctrl Pts',(-1.73861400266454,-0.513610954238973,
-31.3983598992291));
#1603=CARTESIAN_POINT('Ctrl Pts',(-2.15191562807357,-0.394482763676456,
-31.6979289196686));
#1604=CARTESIAN_POINT('Ctrl Pts',(-2.93455621316382,-0.170085826246982,
-32.0555481106104));
#1605=CARTESIAN_POINT('Ctrl Pts',(-3.27846281212149,-0.0717299490883743,
-32.156537270281));
#1606=CARTESIAN_POINT('Ctrl Pts',(-3.98324299882093,0.131457352145362,-32.2575224744358));
#1607=CARTESIAN_POINT('Ctrl Pts',(-4.34077388439493,0.235347347639828,-32.2568706622759));
#1608=CARTESIAN_POINT('Ctrl Pts',(-4.69250669263848,0.33966517903897,-32.2051425676817));
#1609=CARTESIAN_POINT('',(-4.33160079894758,1.27487370879151,-32.2561538277433));
#1610=CARTESIAN_POINT('Ctrl Pts',(-4.69250669263849,0.339665179038966,-32.2051425676817));
#1611=CARTESIAN_POINT('Ctrl Pts',(-4.57196319616784,0.651316469005146,-32.2224581312531));
#1612=CARTESIAN_POINT('Ctrl Pts',(-4.45166413384294,0.963053935109802,-32.2394583133353));
#1613=CARTESIAN_POINT('Ctrl Pts',(-4.33160079752023,1.27487370805249,-32.2561538292461));
#1614=CARTESIAN_POINT('',(2.46590216136665E-12,0.00773019609475197,-28.2906619556443));
#1615=CARTESIAN_POINT('Ctrl Pts',(-4.33160079894759,1.27487370879151,-32.2561538277433));
#1616=CARTESIAN_POINT('Ctrl Pts',(-3.83598552737844,1.12811408816639,-32.3234010368897));
#1617=CARTESIAN_POINT('Ctrl Pts',(-3.33132754879095,0.98277841238107,-32.2892443583684));
#1618=CARTESIAN_POINT('Ctrl Pts',(-2.36373011499823,0.705216421408601,-32.021678128406));
#1619=CARTESIAN_POINT('Ctrl Pts',(-1.90996985439067,0.575519981269676,-31.7911719796424));
#1620=CARTESIAN_POINT('Ctrl Pts',(-1.11454447605805,0.345069439707455,-31.1623574434362));
#1621=CARTESIAN_POINT('Ctrl Pts',(-0.780505395690021,0.246469752740396,
-30.7704903525732));
#1622=CARTESIAN_POINT('Ctrl Pts',(-0.355632525398462,0.118235527875634,
-30.0165072334601));
#1623=CARTESIAN_POINT('Ctrl Pts',(-0.223229631837684,0.0773000517439152,
-29.6875185501099));
#1624=CARTESIAN_POINT('Ctrl Pts',(-0.0449527609014172,0.0215727848944053,
-29.0010853009514));
#1625=CARTESIAN_POINT('Ctrl Pts',(1.33211733388044E-15,0.00708415415543644,
-28.6466310603547));
#1626=CARTESIAN_POINT('Ctrl Pts',(1.36175792864179E-15,0.00773019608776253,
-28.290661955643));
#1627=CARTESIAN_POINT('Ctrl Pts',(1.32051553893009E-9,0.00773019543156487,
-28.2906619569779));
#1628=CARTESIAN_POINT('Ctrl Pts',(-0.106551876004834,-0.30805535415865,
-28.2616285476101));
#1629=CARTESIAN_POINT('Ctrl Pts',(-0.213393543108777,-0.623749522233609,
-28.2322937287259));
#1630=CARTESIAN_POINT('Ctrl Pts',(-0.320536620508646,-0.939347751111435,
-28.2026468880632));
#1631=CARTESIAN_POINT('Ctrl Pts',(3.06161699786838E-16,0.05,-5.));
#1632=CARTESIAN_POINT('Ctrl Pts',(-0.295302650129675,-0.104620106038831,
-4.99971938274766));
#1633=CARTESIAN_POINT('Ctrl Pts',(-0.590605300259351,-0.259240212077662,
-4.99943876549532));
#1634=CARTESIAN_POINT('Ctrl Pts',(-0.885907950389026,-0.413860318116492,
-4.99915814824298));
#1635=CARTESIAN_POINT('Ctrl Pts',(5.0989623275797E-16,0.0439614565835517,
-8.32723742246302));
#1636=CARTESIAN_POINT('Ctrl Pts',(-0.248488362819796,-0.191003194155154,
-8.32681098934008));
#1637=CARTESIAN_POINT('Ctrl Pts',(-0.510042415992199,-0.428205887429353,
-8.32638049443396));
#1638=CARTESIAN_POINT('Ctrl Pts',(-0.758530778811995,-0.663170538168059,
-8.32595406131102));
#1639=CARTESIAN_POINT('Ctrl Pts',(9.85276809690609E-16,0.0298715219451723,
-16.0907914082101));
#1640=CARTESIAN_POINT('Ctrl Pts',(-0.153325083666593,-0.271085089332225,
-16.0902452074636));
#1641=CARTESIAN_POINT('Ctrl Pts',(-0.30347675865018,-0.570081154533445,
-16.0897025648771));
#1642=CARTESIAN_POINT('Ctrl Pts',(-0.456801842316774,-0.871037765810842,
-16.0891563641307));
#1643=CARTESIAN_POINT('Ctrl Pts',(1.46065738662325E-15,0.0157815873067929,
-23.8543453939571));
#1644=CARTESIAN_POINT('Ctrl Pts',(-0.123002616205173,-0.294118440897122,
-23.853782961964));
#1645=CARTESIAN_POINT('Ctrl Pts',(-0.241510455337439,-0.606717405729784,
-23.8532156317193));
#1646=CARTESIAN_POINT('Ctrl Pts',(-0.364513071542614,-0.916617433933699,
-23.8526531997262));
#1647=CARTESIAN_POINT('Ctrl Pts',(1.73230343058476E-15,0.00773019608486181,
-28.2906619572411));
#1648=CARTESIAN_POINT('Ctrl Pts',(-0.106553968610755,-0.308113173807573,
-28.290088738784));
#1649=CARTESIAN_POINT('Ctrl Pts',(-0.213107937221512,-0.623956543700008,
-28.2895155203268));
#1650=CARTESIAN_POINT('Ctrl Pts',(-0.319661905832269,-0.939799913592442,
-28.2889423018697));
#1651=CARTESIAN_POINT('',(3.06161699786838E-16,0.05,-5.));
#1652=CARTESIAN_POINT('',(3.06161699786838E-16,0.05,-5.));
#1653=CARTESIAN_POINT('',(-0.885907950389026,-0.413860318116492,-4.99915814824298));
#1654=CARTESIAN_POINT('',(3.06161699786838E-16,0.05,-5.));
#1655=CARTESIAN_POINT('Ctrl Pts',(-0.885907950389026,-0.413860318116492,
-4.99915814824298));
#1656=CARTESIAN_POINT('Ctrl Pts',(-0.758530778811995,-0.663170538168059,
-8.32595406131102));
#1657=CARTESIAN_POINT('Ctrl Pts',(-0.457919800463489,-0.870267581607505,
-16.0603923504439));
#1658=CARTESIAN_POINT('Ctrl Pts',(-0.365199838671602,-0.916277444816089,
-23.7951229938059));
#1659=CARTESIAN_POINT('Ctrl Pts',(-0.320535369045585,-0.939348589455339,
-28.2026468865291));
#1660=CARTESIAN_POINT('Ctrl Pts',(3.06161699786838E-16,0.05,-5.));
#1661=CARTESIAN_POINT('Ctrl Pts',(8.68478688395331E-16,0.0333333333333334,
-14.1833333333333));
#1662=CARTESIAN_POINT('Ctrl Pts',(1.43079567700382E-15,0.0166666666666667,
-23.3666666666667));
#1663=CARTESIAN_POINT('Ctrl Pts',(1.99311266561232E-15,6.12323399573664E-18,
-32.55));
#1664=CARTESIAN_POINT('Ctrl Pts',(-0.926354394287336,1.81920657086874,-5.));
#1665=CARTESIAN_POINT('Ctrl Pts',(-2.63616946458003,1.80500741685321,-14.1833333333333));
#1666=CARTESIAN_POINT('Ctrl Pts',(-4.34598453487272,1.79080826283769,-23.3666666666667));
#1667=CARTESIAN_POINT('Ctrl Pts',(-6.05579960516541,1.77660910882216,-32.55));
#1668=CARTESIAN_POINT('Ctrl Pts',(-1.84672676348512,3.58841314173748,-4.7266180494836));
#1669=CARTESIAN_POINT('Ctrl Pts',(-5.26513416011254,3.57668150037309,-13.4235772618254));
#1670=CARTESIAN_POINT('Ctrl Pts',(-8.68354155673998,3.56494985900871,-22.1205364741673));
#1671=CARTESIAN_POINT('Ctrl Pts',(-12.1019489533674,3.55321821764433,-30.8174956865092));
#1672=CARTESIAN_POINT('Ctrl Pts',(-3.12015580537127,6.44724597090977,-3.94147661577063));
#1673=CARTESIAN_POINT('Ctrl Pts',(-8.88090449587326,6.43950154409095,-11.1726622447332));
#1674=CARTESIAN_POINT('Ctrl Pts',(-14.6416531863752,6.43175711727213,-18.4038478736958));
#1675=CARTESIAN_POINT('Ctrl Pts',(-20.4024018768772,6.42401269045332,-25.6350335026583));
#1676=CARTESIAN_POINT('Ctrl Pts',(-3.55533109839652,7.53687222921331,-3.56161786406732));
#1677=CARTESIAN_POINT('Ctrl Pts',(-10.1085238963828,7.53064750428892,-10.0758333263995));
#1678=CARTESIAN_POINT('Ctrl Pts',(-16.661716694369,7.52442277936454,-16.5900487887317));
#1679=CARTESIAN_POINT('Ctrl Pts',(-23.2149094923553,7.51819805444015,-23.1042642510639));
#1680=CARTESIAN_POINT('Ctrl Pts',(-4.13285608725454,9.30711200274602,-2.83663515469712));
#1681=CARTESIAN_POINT('Ctrl Pts',(-11.7472065016152,9.30335623148067,-8.00911976201002));
#1682=CARTESIAN_POINT('Ctrl Pts',(-19.3615569159758,9.29960046021532,-13.1816043693229));
#1683=CARTESIAN_POINT('Ctrl Pts',(-26.9759073303364,9.29584468894998,-18.3540889766358));
#1684=CARTESIAN_POINT('Ctrl Pts',(-4.32475942472245,9.98772551797517,-2.53395805783172));
#1685=CARTESIAN_POINT('Ctrl Pts',(-12.2924409773523,9.98491899847444,-7.14743810937873));
#1686=CARTESIAN_POINT('Ctrl Pts',(-20.2601225299821,9.98211247897371,-11.7609181609258));
#1687=CARTESIAN_POINT('Ctrl Pts',(-28.227804082612,9.97930595947298,-16.3743982124728));
#1688=CARTESIAN_POINT('Ctrl Pts',(-4.58563542305731,11.1122260221362,-2.00612756492916));
#1689=CARTESIAN_POINT('Ctrl Pts',(-13.0292654170787,11.1109878436455,-5.642615652131));
#1690=CARTESIAN_POINT('Ctrl Pts',(-21.4728954111001,11.1097496651547,-9.27910373933281));
#1691=CARTESIAN_POINT('Ctrl Pts',(-29.9165254051215,11.108511486664,-12.9155918265346));
#1692=CARTESIAN_POINT('Ctrl Pts',(-4.6741496748363,11.5561130110681,-1.79062649982));
#1693=CARTESIAN_POINT('Ctrl Pts',(-13.2785586122638,11.5554939218227,-5.02825632039611));
#1694=CARTESIAN_POINT('Ctrl Pts',(-21.8829675496914,11.5548748325774,-8.26588614097224));
#1695=CARTESIAN_POINT('Ctrl Pts',(-30.4873764871189,11.554255743332,-11.5035159615484));
#1696=CARTESIAN_POINT('Ctrl Pts',(-4.74712738820952,12.,-1.56996227983703));
#1697=CARTESIAN_POINT('Ctrl Pts',(-13.4837147939421,12.,-4.39947590885953));
#1698=CARTESIAN_POINT('Ctrl Pts',(-22.2203021996747,12.,-7.22898953788204));
#1699=CARTESIAN_POINT('Ctrl Pts',(-30.9568896054072,12.,-10.0585031669045));
#1700=CARTESIAN_POINT('',(-17.2387361427436,5.32982732646649,-27.6102965612626));
#1701=CARTESIAN_POINT('Ctrl Pts',(-4.33160079894758,1.27487370879151,-32.2561538277433));
#1702=CARTESIAN_POINT('Ctrl Pts',(-8.89620090230946,2.62652491468317,-31.6368092767801));
#1703=CARTESIAN_POINT('Ctrl Pts',(-13.3306482215169,3.97817612057483,-30.0503462850019));
#1704=CARTESIAN_POINT('Ctrl Pts',(-17.2387361427436,5.32982732646649,-27.6102965612626));
#1705=CARTESIAN_POINT('',(-29.2499170574862,10.662767229996,-14.2809261649998));
#1706=CARTESIAN_POINT('Ctrl Pts',(-17.2387361427436,5.32982732646649,-27.6102965612626));
#1707=CARTESIAN_POINT('Ctrl Pts',(-22.3785231752673,7.10747396097632,-24.4012244570577));
#1708=CARTESIAN_POINT('Ctrl Pts',(-26.5914552422561,8.88512059548615,-19.7259362923227));
#1709=CARTESIAN_POINT('Ctrl Pts',(-29.2499170574862,10.662767229996,-14.2809261649998));
#1710=CARTESIAN_POINT('',(-29.3446762755022,10.7265680102384,-14.0851838580597));
#1711=CARTESIAN_POINT('Ctrl Pts',(-29.2499170574862,10.662767229996,-14.2809261649998));
#1712=CARTESIAN_POINT('Ctrl Pts',(-29.2817216420352,10.6840341567435,-14.2157846294049));
#1713=CARTESIAN_POINT('Ctrl Pts',(-29.3133082500744,10.7053010834909,-14.1505366940006));
#1714=CARTESIAN_POINT('Ctrl Pts',(-29.3446762755022,10.7265680102384,-14.0851838580597));
#1715=CARTESIAN_POINT('',(-26.9071372941302,12.,-8.74691217298796));
#1716=CARTESIAN_POINT('Ctrl Pts',(-26.9071372941302,12.,-8.74691217298795));
#1717=CARTESIAN_POINT('Ctrl Pts',(-27.4029911937227,12.,-8.90750409541073));
#1718=CARTESIAN_POINT('Ctrl Pts',(-27.8645164836098,11.9676560414709,-9.15831527669928));
#1719=CARTESIAN_POINT('Ctrl Pts',(-28.6648230218363,11.849801961064,-9.81409257779354));
#1720=CARTESIAN_POINT('Ctrl Pts',(-28.9961939187337,11.7656012931631,-10.2124507415354));
#1721=CARTESIAN_POINT('Ctrl Pts',(-29.4842404546692,11.5588630159065,-11.1067573310841));
#1722=CARTESIAN_POINT('Ctrl Pts',(-29.6363521616339,11.4383713145814,-11.5937862517326));
#1723=CARTESIAN_POINT('Ctrl Pts',(-29.7240915828649,11.2160824701746,-12.4347967887292));
#1724=CARTESIAN_POINT('Ctrl Pts',(-29.7126485345843,11.1213981797472,-12.7782353098787));
#1725=CARTESIAN_POINT('Ctrl Pts',(-29.5965345018632,10.9262459148113,-13.4512028816056));
#1726=CARTESIAN_POINT('Ctrl Pts',(-29.4922377814241,10.8266119146409,-13.7777509624217));
#1727=CARTESIAN_POINT('Ctrl Pts',(-29.3446762755022,10.7265680102384,-14.0851838580597));
#1728=CARTESIAN_POINT('',(-4.74712738820952,12.,-1.56996227983703));
#1729=CARTESIAN_POINT('',(-4.74712738820952,12.,-1.56996227983703));
#1730=CARTESIAN_POINT('',(-3.91081197849806,8.62649848751686,-3.11537311871886));
#1731=CARTESIAN_POINT('Ctrl Pts',(-3.91081197849806,8.62649848751686,-3.11537311871886));
#1732=CARTESIAN_POINT('Ctrl Pts',(-4.27767027128201,9.75099899167791,-2.6548460000857));
#1733=CARTESIAN_POINT('Ctrl Pts',(-4.56225268467704,10.875499495839,-2.12897174127278));
#1734=CARTESIAN_POINT('Ctrl Pts',(-4.74712738820952,12.,-1.56996227983703));
#1735=CARTESIAN_POINT('Ctrl Pts',(3.06161699786838E-16,0.05,-5.));
#1736=CARTESIAN_POINT('Ctrl Pts',(-1.49688136899483,2.90883282917229,-5.));
#1737=CARTESIAN_POINT('Ctrl Pts',(-2.97814318272255,5.76766565834457,-4.28617743636997));
#1738=CARTESIAN_POINT('Ctrl Pts',(-3.91081197849806,8.62649848751686,-3.11537311871886));
#1739=CARTESIAN_POINT('Ctrl Pts',(-29.3446762755022,10.7265680102384,-14.0851838580597));
#1740=CARTESIAN_POINT('Ctrl Pts',(-29.4018095771873,10.3858072631999,-13.9657965269936));
#1741=CARTESIAN_POINT('Ctrl Pts',(-29.4585114072525,10.0449489477087,-13.8465649886495));
#1742=CARTESIAN_POINT('Ctrl Pts',(-29.5147975206638,9.70399771373152,-13.7274831931164));
#1743=CARTESIAN_POINT('Ctrl Pts',(-29.6096809996411,10.9349973298065,-13.5330940421548));
#1744=CARTESIAN_POINT('Ctrl Pts',(-29.6633786057767,10.5929423524363,-13.41503907248));
#1745=CARTESIAN_POINT('Ctrl Pts',(-29.716725705649,10.2508163506316,-13.2971563336787));
#1746=CARTESIAN_POINT('Ctrl Pts',(-29.7696419027364,9.90859932586383,-13.1794547097031));
#1747=CARTESIAN_POINT('Ctrl Pts',(-29.8490369407872,11.3508377848607,-12.2931897117895));
#1748=CARTESIAN_POINT('Ctrl Pts',(-29.8980848267006,11.0059465662139,-12.1801464916768));
#1749=CARTESIAN_POINT('Ctrl Pts',(-29.9468473544709,10.6610414692076,-12.0672200138399));
#1750=CARTESIAN_POINT('Ctrl Pts',(-29.995226552488,10.3160587523659,-11.9545383656053));
#1751=CARTESIAN_POINT('Ctrl Pts',(-29.1671429304697,11.9142335804505,-10.1319912054304));
#1752=CARTESIAN_POINT('Ctrl Pts',(-29.2182879694223,11.5660323015677,-10.0296503825569));
#1753=CARTESIAN_POINT('Ctrl Pts',(-29.2690877839666,11.2178112554311,-9.92745611318873));
#1754=CARTESIAN_POINT('Ctrl Pts',(-29.3195433141155,10.8695775471835,-9.82537169664813));
#1755=CARTESIAN_POINT('Ctrl Pts',(-27.8240874197557,12.0460630560112,-9.06013604991485));
#1756=CARTESIAN_POINT('Ctrl Pts',(-27.8843019177245,11.6987833670356,-8.96077664623207));
#1757=CARTESIAN_POINT('Ctrl Pts',(-27.9442146075395,11.3515504100416,-8.86131411503768));
#1758=CARTESIAN_POINT('Ctrl Pts',(-28.0035798604608,11.0041491090759,-8.7622583457776));
#1759=CARTESIAN_POINT('Ctrl Pts',(-26.9058561188138,12.0067587566238,-8.74889384151491));
#1760=CARTESIAN_POINT('Ctrl Pts',(-26.9713347790645,11.6613465039528,-8.6476172799234));
#1761=CARTESIAN_POINT('Ctrl Pts',(-27.0363650219731,11.3158257762407,-8.54655935397466));
#1762=CARTESIAN_POINT('Ctrl Pts',(-27.1009636182686,10.970202106868,-8.4457104196951));
#1763=CARTESIAN_POINT('',(-29.5004604678176,9.79078745727647,-13.7577996171949));
#1764=CARTESIAN_POINT('',(-27.0856343418773,11.0521734724209,-8.46963319142057));
#1765=CARTESIAN_POINT('Ctrl Pts',(-29.5004604678176,9.79078745727647,-13.7577996171949));
#1766=CARTESIAN_POINT('Ctrl Pts',(-29.7118501844386,9.93750576011763,-13.3045509227213));
#1767=CARTESIAN_POINT('Ctrl Pts',(-29.8291069882878,10.0827285326434,-12.8125386434526));
#1768=CARTESIAN_POINT('Ctrl Pts',(-29.8610066312696,10.3599244983761,-11.8090703199411));
#1769=CARTESIAN_POINT('Ctrl Pts',(-29.775673200284,10.4893685202109,-11.3072465414961));
#1770=CARTESIAN_POINT('Ctrl Pts',(-29.4114909915856,10.7191198765757,-10.3606845667291));
#1771=CARTESIAN_POINT('Ctrl Pts',(-29.1365021595047,10.8172771142162,-9.92514440220122));
#1772=CARTESIAN_POINT('Ctrl Pts',(-28.552870984787,10.9423450641304,-9.30591282603364));
#1773=CARTESIAN_POINT('Ctrl Pts',(-28.290924650483,10.9815690176788,-9.08972721734658));
#1774=CARTESIAN_POINT('Ctrl Pts',(-27.7178406790378,11.0360403658829,-8.72496061918906));
#1775=CARTESIAN_POINT('Ctrl Pts',(-27.4089585685427,11.0510200760172,-8.57795271046773));
#1776=CARTESIAN_POINT('Ctrl Pts',(-27.0856343418773,11.0521734724209,-8.46963319142057));
#1777=CARTESIAN_POINT('Ctrl Pts',(-27.0856343432601,11.052173472964,-8.46963319071856));
#1778=CARTESIAN_POINT('Ctrl Pts',(-27.0265016365986,11.3682035006783,-8.56188167166379));
#1779=CARTESIAN_POINT('Ctrl Pts',(-26.9670068945434,11.6841470866386,-8.65430554114736));
#1780=CARTESIAN_POINT('Ctrl Pts',(-26.9071372941413,12.0000000000042,-8.74691217298227));
#1781=CARTESIAN_POINT('Ctrl Pts',(-29.3446762755022,10.7265680102384,-14.0851838580597));
#1782=CARTESIAN_POINT('Ctrl Pts',(-29.3969616703396,10.4147216845664,-13.9759268475375));
#1783=CARTESIAN_POINT('Ctrl Pts',(-29.4488857099223,10.102793645819,-13.8668003126159));
#1784=CARTESIAN_POINT('Ctrl Pts',(-29.5004604693485,9.79078745787575,-13.757799616454));
#1785=CARTESIAN_POINT('Ctrl Pts',(-29.2499170574862,10.662767229996,-14.2809261649998));
#1786=CARTESIAN_POINT('Ctrl Pts',(-29.2909572875241,10.3429143740327,-14.1965403773239));
#1787=CARTESIAN_POINT('Ctrl Pts',(-29.331997517562,10.0230615180694,-14.112154589648));
#1788=CARTESIAN_POINT('Ctrl Pts',(-29.3730377475999,9.70320866210616,-14.0277688019721));
#1789=CARTESIAN_POINT('Ctrl Pts',(-29.2935749235569,10.6919601483391,-14.1915069672027));
#1790=CARTESIAN_POINT('Ctrl Pts',(-29.3343582653993,10.3721072987712,-14.1069962201388));
#1791=CARTESIAN_POINT('Ctrl Pts',(-29.3751416072482,10.052254449208,-14.0224854730665));
#1792=CARTESIAN_POINT('Ctrl Pts',(-29.4159249490905,9.73240159964002,-13.9379747260027));
#1793=CARTESIAN_POINT('Ctrl Pts',(-29.3368220607399,10.7211530666823,-14.1018872823191));
#1794=CARTESIAN_POINT('Ctrl Pts',(-29.3773479404933,10.4013002213642,-14.0172527554987));
#1795=CARTESIAN_POINT('Ctrl Pts',(-29.4178738202532,10.0814473760508,-13.93261822867));
#1796=CARTESIAN_POINT('Ctrl Pts',(-29.4583997000066,9.76159453073272,-13.8479837018496));
#1797=CARTESIAN_POINT('Ctrl Pts',(-29.3796569013322,10.7503459850255,-14.0120709882703));
#1798=CARTESIAN_POINT('Ctrl Pts',(-29.4199247568273,10.4304931424425,-13.9273138645785));
#1799=CARTESIAN_POINT('Ctrl Pts',(-29.4601926123225,10.1106402998595,-13.8425567408867));
#1800=CARTESIAN_POINT('Ctrl Pts',(-29.5004604678176,9.79078745727647,-13.7577996171949));
#1801=CARTESIAN_POINT('',(-29.3730377475999,9.70320866210616,-14.0277688019721));
#1802=CARTESIAN_POINT('',(-29.2499170574862,10.662767229996,-14.2809261649998));
#1803=CARTESIAN_POINT('Ctrl Pts',(-29.3730377475999,9.70320866210616,-14.0277688019721));
#1804=CARTESIAN_POINT('Ctrl Pts',(-29.4159249490905,9.73240159964002,-13.9379747260027));
#1805=CARTESIAN_POINT('Ctrl Pts',(-29.4583997000066,9.76159453073272,-13.8479837018496));
#1806=CARTESIAN_POINT('Ctrl Pts',(-29.5004604678176,9.79078745727647,-13.7577996171949));
#1807=CARTESIAN_POINT('Ctrl Pts',(-17.2387361427436,5.32982732646649,-27.6102965612626));
#1808=CARTESIAN_POINT('Ctrl Pts',(-17.3181413683882,5.00997462719272,-27.560294841105));
#1809=CARTESIAN_POINT('Ctrl Pts',(-17.3975465940329,4.69012192791895,-27.5102931209475));
#1810=CARTESIAN_POINT('Ctrl Pts',(-17.4769518196776,4.37026922864518,-27.46029140079));
#1811=CARTESIAN_POINT('Ctrl Pts',(-22.3785231752673,7.10747396097632,-24.4012244570577));
#1812=CARTESIAN_POINT('Ctrl Pts',(-22.4487011121238,6.78762614827004,-24.3364827632708));
#1813=CARTESIAN_POINT('Ctrl Pts',(-22.5189870027657,6.46784304588964,-24.2716645249486));
#1814=CARTESIAN_POINT('Ctrl Pts',(-22.5891649396222,6.14799523318335,-24.2069228311618));
#1815=CARTESIAN_POINT('Ctrl Pts',(-26.5914552422561,8.88512059548615,-19.7259362923227));
#1816=CARTESIAN_POINT('Ctrl Pts',(-26.648155522943,8.56527339156405,-19.6491121329447));
#1817=CARTESIAN_POINT('Ctrl Pts',(-26.7049273853669,8.24549084150472,-19.5721769229564));
#1818=CARTESIAN_POINT('Ctrl Pts',(-26.7616276660537,7.92564363758262,-19.4953527635784));
#1819=CARTESIAN_POINT('Ctrl Pts',(-29.2499170574862,10.662767229996,-14.2809261649998));
#1820=CARTESIAN_POINT('Ctrl Pts',(-29.2909572875241,10.3429143740327,-14.1965403773239));
#1821=CARTESIAN_POINT('Ctrl Pts',(-29.331997517562,10.0230615180694,-14.112154589648));
#1822=CARTESIAN_POINT('Ctrl Pts',(-29.3730377475999,9.70320866210616,-14.0277688019721));
#1823=CARTESIAN_POINT('',(-17.4769518196776,4.37026922864518,-27.46029140079));
#1824=CARTESIAN_POINT('',(-17.2387361427436,5.32982732646649,-27.6102965612626));
#1825=CARTESIAN_POINT('Ctrl Pts',(-17.4769518196776,4.37026922864518,-27.46029140079));
#1826=CARTESIAN_POINT('Ctrl Pts',(-22.5891649396222,6.14799523318335,-24.2069228311618));
#1827=CARTESIAN_POINT('Ctrl Pts',(-26.7616276660537,7.92564363758262,-19.4953527635784));
#1828=CARTESIAN_POINT('Ctrl Pts',(-29.3730377475999,9.70320866210616,-14.0277688019721));
#1829=CARTESIAN_POINT('Ctrl Pts',(-4.33160079894758,1.27487370879151,-32.2561538277433));
#1830=CARTESIAN_POINT('Ctrl Pts',(-4.42454682377843,0.9550257324448,-32.2431376990495));
#1831=CARTESIAN_POINT('Ctrl Pts',(-4.51749284860927,0.635177756098093,-32.2301215703558));
#1832=CARTESIAN_POINT('Ctrl Pts',(-4.61043887344012,0.315329779751385,-32.2171054416621));
#1833=CARTESIAN_POINT('Ctrl Pts',(-8.89620090230946,2.62652491468317,-31.6368092767801));
#1834=CARTESIAN_POINT('Ctrl Pts',(-8.98728451751144,2.30666576094387,-31.6106977505863));
#1835=CARTESIAN_POINT('Ctrl Pts',(-9.07841093035084,1.98682838359137,-31.5845694266841));
#1836=CARTESIAN_POINT('Ctrl Pts',(-9.16949454555282,1.66696922985207,-31.5584579004903));
#1837=CARTESIAN_POINT('Ctrl Pts',(-13.3306482215169,3.97817612057483,-30.0503462850019));
#1838=CARTESIAN_POINT('Ctrl Pts',(-13.4171485123643,3.65833717859221,-30.0115079710529));
#1839=CARTESIAN_POINT('Ctrl Pts',(-13.5036854004004,3.33851964372689,-29.9726385618551));
#1840=CARTESIAN_POINT('Ctrl Pts',(-13.5901856912479,3.01868070174427,-29.9338002479061));
#1841=CARTESIAN_POINT('Ctrl Pts',(-17.2387361427436,5.32982732646649,-27.6102965612626));
#1842=CARTESIAN_POINT('Ctrl Pts',(-17.3181413683882,5.00997462719272,-27.560294841105));
#1843=CARTESIAN_POINT('Ctrl Pts',(-17.3975465940329,4.69012192791895,-27.5102931209475));
#1844=CARTESIAN_POINT('Ctrl Pts',(-17.4769518196776,4.37026922864518,-27.46029140079));
#1845=CARTESIAN_POINT('Ctrl Pts',(-4.692506713898,0.339665189848245,-32.2051425603454));
#1846=CARTESIAN_POINT('Ctrl Pts',(-9.22253645621781,1.68319369146597,-31.53892671359));
#1847=CARTESIAN_POINT('Ctrl Pts',(-13.6135119359293,3.02679219691671,-29.9189556005353));
#1848=CARTESIAN_POINT('Ctrl Pts',(-17.4769518196776,4.37026922864518,-27.46029140079));
#1849=CARTESIAN_POINT('Ctrl Pts',(3.06161699786838E-16,0.05,-5.));
#1850=CARTESIAN_POINT('Ctrl Pts',(-0.295302650129675,-0.104620106038831,
-4.99971938274766));
#1851=CARTESIAN_POINT('Ctrl Pts',(-0.590605300259351,-0.259240212077662,
-4.99943876549532));
#1852=CARTESIAN_POINT('Ctrl Pts',(-0.885907950389026,-0.413860318116492,
-4.99915814824298));
#1853=CARTESIAN_POINT('Ctrl Pts',(-1.49688136899483,2.90883282917229,-5.));
#1854=CARTESIAN_POINT('Ctrl Pts',(-1.7927240097458,2.75437489978712,-4.91073159051677));
#1855=CARTESIAN_POINT('Ctrl Pts',(-2.08801649590111,2.60195698927053,-4.82210161563344));
#1856=CARTESIAN_POINT('Ctrl Pts',(-2.38385913665208,2.44749905988537,-4.73283320615021));
#1857=CARTESIAN_POINT('Ctrl Pts',(-2.97814318272255,5.76766565834457,-4.28617743636997));
#1858=CARTESIAN_POINT('Ctrl Pts',(-3.2313163938586,5.61322129316741,-4.10896230290787));
#1859=CARTESIAN_POINT('Ctrl Pts',(-3.48364134227429,5.46081575130378,-3.93180091640337));
#1860=CARTESIAN_POINT('Ctrl Pts',(-3.73681455341035,5.30637138612662,-3.75458578294128));
#1861=CARTESIAN_POINT('Ctrl Pts',(-3.91081197849806,8.62649848751686,-3.11537311871886));
#1862=CARTESIAN_POINT('Ctrl Pts',(-4.09371532781413,8.47187967966951,-2.88353157761818));
#1863=CARTESIAN_POINT('Ctrl Pts',(-4.27661867713021,8.31726087182216,-2.6516900365175));
#1864=CARTESIAN_POINT('Ctrl Pts',(-4.45952202644628,8.16264206397481,-2.41984849541683));
#1865=CARTESIAN_POINT('',(-4.45952202644628,8.16264206397481,-2.41984849541683));
#1866=CARTESIAN_POINT('',(-3.91081197849806,8.62649848751686,-3.11537311871886));
#1867=CARTESIAN_POINT('Ctrl Pts',(-0.885907950389026,-0.413860318116492,
-4.99915814824298));
#1868=CARTESIAN_POINT('Ctrl Pts',(-2.38385913665208,2.44749905988537,-4.73283320615021));
#1869=CARTESIAN_POINT('Ctrl Pts',(-3.73681455341035,5.30637138612662,-3.75458578294128));
#1870=CARTESIAN_POINT('Ctrl Pts',(-4.45952202644628,8.16264206397481,-2.41984849541683));
#1871=CARTESIAN_POINT('Ctrl Pts',(-0.885907950389026,-0.413860318116492,
-4.99915814824298));
#1872=CARTESIAN_POINT('Ctrl Pts',(-0.785460223502038,-0.610462618072025,
-7.62261950436613));
#1873=CARTESIAN_POINT('Ctrl Pts',(-0.569086497495422,-0.798706476177468,
-12.8699141961801));
#1874=CARTESIAN_POINT('Ctrl Pts',(-0.382730019961177,-0.91040507368766,
-22.0530750577696));
#1875=CARTESIAN_POINT('Ctrl Pts',(-0.312718327351053,-0.943258201057599,
-28.6125608484814));
#1876=CARTESIAN_POINT('Ctrl Pts',(-0.281508335329769,-0.959557202242985,
-32.5482585168743));
#1877=CARTESIAN_POINT('Ctrl Pts',(-1.81292440778172,1.35690982329239,-4.83434129266168));
#1878=CARTESIAN_POINT('Ctrl Pts',(-2.20110299437963,1.16051946216132,-7.47787449983432));
#1879=CARTESIAN_POINT('Ctrl Pts',(-2.9614380132794,0.973047559409269,-12.7640072247214));
#1880=CARTESIAN_POINT('Ctrl Pts',(-4.48455193632225,0.86354426682245,-21.9826039432945));
#1881=CARTESIAN_POINT('Ctrl Pts',(-5.63573029506188,0.83238882386455,-28.554623202599));
#1882=CARTESIAN_POINT('Ctrl Pts',(-6.33725191220425,0.817130124835268,-32.496103362139));
#1883=CARTESIAN_POINT('Ctrl Pts',(-2.68516056308627,3.1243181576401,-4.39636884229027));
#1884=CARTESIAN_POINT('Ctrl Pts',(-3.56596352343353,2.92936577576356,-6.91781612940064));
#1885=CARTESIAN_POINT('Ctrl Pts',(-5.31537432576776,2.7440292270152,-11.9683167827394));
#1886=CARTESIAN_POINT('Ctrl Pts',(-8.55692127595797,2.63724089839946,-20.7342549488378));
#1887=CARTESIAN_POINT('Ctrl Pts',(-10.9326253958173,2.60789772056186,-26.9726015304574));
#1888=CARTESIAN_POINT('Ctrl Pts',(-12.3681129605522,2.59370459334631,-30.7114937424513));
#1889=CARTESIAN_POINT('Ctrl Pts',(-3.81756080047927,5.98386652892933,-3.38544452353651));
#1890=CARTESIAN_POINT('Ctrl Pts',(-5.38375485109141,5.7895762227541,-5.51440125982097));
#1891=CARTESIAN_POINT('Ctrl Pts',(-8.50565070081317,5.6062270320086,-9.78214254613361));
#1892=CARTESIAN_POINT('Ctrl Pts',(-14.1192654761078,5.50340971810341,-17.1301986410134));
#1893=CARTESIAN_POINT('Ctrl Pts',(-18.1791498434053,5.47692116511669,-22.3392249404459));
#1894=CARTESIAN_POINT('Ctrl Pts',(-20.6234754932392,5.46444622383649,-25.4578734857024));
#1895=CARTESIAN_POINT('Ctrl Pts',(-4.18410095906161,7.07397458745894,-2.92857384858297));
#1896=CARTESIAN_POINT('Ctrl Pts',(-5.98427769056901,6.87991411384445,-4.86117440977796));
#1897=CARTESIAN_POINT('Ctrl Pts',(-9.57604055067774,6.69723950666637,-8.73842346120473));
#1898=CARTESIAN_POINT('Ctrl Pts',(-15.99639646286,6.59587976608809,-15.3856581788246));
#1899=CARTESIAN_POINT('Ctrl Pts',(-20.6278326999047,6.57046440594571,-20.0887544609618));
#1900=CARTESIAN_POINT('Ctrl Pts',(-23.4142019367063,6.55863905192811,-22.9028521705054));
#1901=CARTESIAN_POINT('Ctrl Pts',(-4.6316525147819,8.84289059638692,-2.1019780560161));
#1902=CARTESIAN_POINT('Ctrl Pts',(-6.7499993043051,8.65017876394953,-3.6630312894877));
#1903=CARTESIAN_POINT('Ctrl Pts',(-10.979791342035,8.46945560220414,-6.79808504688497));
#1904=CARTESIAN_POINT('Ctrl Pts',(-18.4888757817619,8.37069466026328,-12.1250222850465));
#1905=CARTESIAN_POINT('Ctrl Pts',(-23.8884639539943,8.34706539154543,-15.8777197391992));
#1906=CARTESIAN_POINT('Ctrl Pts',(-27.1341856740459,8.3362974859319,-18.1203797474719));
#1907=CARTESIAN_POINT('Ctrl Pts',(-4.76970444531587,9.52390638779021,-1.76524192032788));
#1908=CARTESIAN_POINT('Ctrl Pts',(-6.99509786451792,9.33133623997428,-3.17033324288242));
#1909=CARTESIAN_POINT('Ctrl Pts',(-11.4400150977341,9.15099244792117,-5.99438307716201));
#1910=CARTESIAN_POINT('Ctrl Pts',(-19.3137182376103,9.05311116977523,-10.7694866427532));
#1911=CARTESIAN_POINT('Ctrl Pts',(-24.9699662510553,9.03014376751232,-14.125625519849));
#1912=CARTESIAN_POINT('Ctrl Pts',(-28.3690153073081,9.0197784593923,-16.1299191652941));
#1913=CARTESIAN_POINT('Ctrl Pts',(-4.93637811291,10.6483518631437,-1.1915654013254));
#1914=CARTESIAN_POINT('Ctrl Pts',(-7.30876136120635,10.4561268723952,-2.32291021724682));
#1915=CARTESIAN_POINT('Ctrl Pts',(-12.048285959128,10.2767038326564,-4.59988536209609));
#1916=CARTESIAN_POINT('Ctrl Pts',(-20.4179663407456,10.1804514815785,-8.40769806290904));
#1917=CARTESIAN_POINT('Ctrl Pts',(-26.4215112896149,10.1586241036866,-11.069563555143));
#1918=CARTESIAN_POINT('Ctrl Pts',(-30.0278581384075,10.1489397895603,-12.6567510201648));
#1919=CARTESIAN_POINT('Ctrl Pts',(-4.9864558071829,11.092284854177,-0.960543145321637));
#1920=CARTESIAN_POINT('Ctrl Pts',(-7.40911844836831,10.9002536943468,-1.97958792936847));
#1921=CARTESIAN_POINT('Ctrl Pts',(-12.2499827043757,10.7211659624808,-4.03251496761523));
#1922=CARTESIAN_POINT('Ctrl Pts',(-20.7885125089622,10.6255106393725,-7.44470142405521));
#1923=CARTESIAN_POINT('Ctrl Pts',(-26.9099551838218,10.604119104333,-9.82293249143603));
#1924=CARTESIAN_POINT('Ctrl Pts',(-30.5865623898237,10.5946974645202,-11.2397332881305));
#1925=CARTESIAN_POINT('Ctrl Pts',(-5.02008845468416,11.5361464836356,-0.727150218019338));
#1926=CARTESIAN_POINT('Ctrl Pts',(-7.48530721227358,11.3443029510976,-1.63114302120873));
#1927=CARTESIAN_POINT('Ctrl Pts',(-12.4109746571015,11.1655792846644,-3.45385700214787));
#1928=CARTESIAN_POINT('Ctrl Pts',(-21.0901427778695,11.0705462747184,-6.46066209098972));
#1929=CARTESIAN_POINT('Ctrl Pts',(-27.3089906892931,11.0495976010591,-8.54834930551138));
#1930=CARTESIAN_POINT('Ctrl Pts',(-31.0436261791904,11.0404413770318,-9.79068976945075));
#1931=CARTESIAN_POINT('',(-5.02008845468416,11.5361464836356,-0.727150218019338));
#1932=CARTESIAN_POINT('Ctrl Pts',(-4.45957998419065,8.16278603598661,-2.41978374339474));
#1933=CARTESIAN_POINT('Ctrl Pts',(-4.6316525147819,8.84289059638692,-2.1019780560161));
#1934=CARTESIAN_POINT('Ctrl Pts',(-4.76970444531587,9.52390638779021,-1.76524192032788));
#1935=CARTESIAN_POINT('Ctrl Pts',(-4.87058510333035,10.2044865963646,-1.41801931726288));
#1936=CARTESIAN_POINT('Ctrl Pts',(-4.93637811291,10.6483518631437,-1.1915654013254));
#1937=CARTESIAN_POINT('Ctrl Pts',(-4.98645580718291,11.092284854177,-0.960543145321638));
#1938=CARTESIAN_POINT('Ctrl Pts',(-5.02008845468416,11.5361464836356,-0.727150218019339));
#1939=CARTESIAN_POINT('Ctrl Pts',(-5.02008845468416,11.5361464836356,-0.727150218019338));
#1940=CARTESIAN_POINT('Ctrl Pts',(-7.48530721227358,11.3443029510976,-1.63114302120873));
#1941=CARTESIAN_POINT('Ctrl Pts',(-12.4109746571015,11.1655792846644,-3.45385700214787));
#1942=CARTESIAN_POINT('Ctrl Pts',(-19.7756797550034,11.0849390570435,-6.00528041716422));
#1943=CARTESIAN_POINT('Ctrl Pts',(-24.6726940606943,11.0605910365974,-7.66034384133024));
#1944=CARTESIAN_POINT('Ctrl Pts',(-27.0857516962323,11.0520220078361,-8.46927084060166));
#1945=CARTESIAN_POINT('Ctrl Pts',(-3.91081197849806,8.62649848751686,-3.11537311871886));
#1946=CARTESIAN_POINT('Ctrl Pts',(-4.09371532781413,8.47187967966951,-2.88353157761818));
#1947=CARTESIAN_POINT('Ctrl Pts',(-4.27661867713021,8.31726087182216,-2.6516900365175));
#1948=CARTESIAN_POINT('Ctrl Pts',(-4.45952202644628,8.16264206397481,-2.41984849541683));
#1949=CARTESIAN_POINT('Ctrl Pts',(-4.27767027128201,9.75099899167791,-2.6548460000857));
#1950=CARTESIAN_POINT('Ctrl Pts',(-4.43316281526215,9.59638377482699,-2.40136050351611));
#1951=CARTESIAN_POINT('Ctrl Pts',(-4.58864836031051,9.44181921527379,-2.1478859681327));
#1952=CARTESIAN_POINT('Ctrl Pts',(-4.74414090429066,9.28720399842287,-1.8944004715631));
#1953=CARTESIAN_POINT('Ctrl Pts',(-4.56225268467704,10.875499495839,-2.12897174127278));
#1954=CARTESIAN_POINT('Ctrl Pts',(-4.68647130251724,10.720886187543,-1.85878122783719));
#1955=CARTESIAN_POINT('Ctrl Pts',(-4.81066813007072,10.5663235310153,-1.58859587288312));
#1956=CARTESIAN_POINT('Ctrl Pts',(-4.93488674791092,10.4117102227193,-1.31840535944753));
#1957=CARTESIAN_POINT('Ctrl Pts',(-4.74712738820952,12.,-1.56996227983703));
#1958=CARTESIAN_POINT('Ctrl Pts',(-4.83811441036773,11.8453821612119,-1.2890249258978));
#1959=CARTESIAN_POINT('Ctrl Pts',(-4.92910143252595,11.6907643224237,-1.00808757195857));
#1960=CARTESIAN_POINT('Ctrl Pts',(-5.02008845468416,11.5361464836356,-0.727150218019338));
#1961=CARTESIAN_POINT('',(-4.74712738820952,12.,-1.56996227983703));
#1962=CARTESIAN_POINT('Ctrl Pts',(-4.74712738820952,12.,-1.56996227983703));
#1963=CARTESIAN_POINT('Ctrl Pts',(-4.83811441036773,11.8453821612119,-1.2890249258978));
#1964=CARTESIAN_POINT('Ctrl Pts',(-4.92910143252595,11.6907643224237,-1.00808757195857));
#1965=CARTESIAN_POINT('Ctrl Pts',(-5.02008845468416,11.5361464836356,-0.727150218019338));
#1966=CARTESIAN_POINT('Ctrl Pts',(-6.86524973470035,12.,-2.25595736796496));
#1967=CARTESIAN_POINT('Ctrl Pts',(-6.94698345088121,11.7906846595753,-2.00359111389037));
#1968=CARTESIAN_POINT('Ctrl Pts',(-7.03021526015768,11.582673061069,-1.74659925167681));
#1969=CARTESIAN_POINT('Ctrl Pts',(-7.11194897633854,11.3733577206443,-1.49423299760223));
#1970=CARTESIAN_POINT('Ctrl Pts',(-11.101494427682,12.,-3.62794754422083));
#1971=CARTESIAN_POINT('Ctrl Pts',(-11.1645702055094,11.7324629351222,-3.43319073495123));
#1972=CARTESIAN_POINT('Ctrl Pts',(-11.2275279208283,11.4646406136932,-3.23879846304007));
#1973=CARTESIAN_POINT('Ctrl Pts',(-11.2906036986557,11.1971035488153,-3.04404165377047));
#1974=CARTESIAN_POINT('Ctrl Pts',(-18.5149226403999,12.,-6.02893035266861));
#1975=CARTESIAN_POINT('Ctrl Pts',(-18.5583719690953,11.6962681757462,-5.89477342408058));
#1976=CARTESIAN_POINT('Ctrl Pts',(-18.6023521282265,11.3930467348342,-5.75897746945912));
#1977=CARTESIAN_POINT('Ctrl Pts',(-18.6458014569219,11.0893149105804,-5.62482054087109));
#1978=CARTESIAN_POINT('Ctrl Pts',(-23.810228506627,12.,-7.74391807298845));
#1979=CARTESIAN_POINT('Ctrl Pts',(-23.8464642694511,11.6879100969882,-7.63203421214437));
#1980=CARTESIAN_POINT('Ctrl Pts',(-23.8825642114352,11.3755604421808,-7.52056972042014));
#1981=CARTESIAN_POINT('Ctrl Pts',(-23.9187999742592,11.0634705391689,-7.40868585957605));
#1982=CARTESIAN_POINT('Ctrl Pts',(-26.9874120263633,12.,-8.77291070518036));
#1983=CARTESIAN_POINT('Ctrl Pts',(-27.0201527986789,11.6840578241386,-8.67181820075379));
#1984=CARTESIAN_POINT('Ctrl Pts',(-27.0528935709946,11.3681156482772,-8.57072569632722));
#1985=CARTESIAN_POINT('Ctrl Pts',(-27.0856343433102,11.0521734724157,-8.46963319190064));
#1986=CARTESIAN_POINT('Ctrl Pts',(-28.2985646641176,0.0937682760170516,
-0.0290229155815558));
#1987=CARTESIAN_POINT('Ctrl Pts',(-28.2667183538875,-0.253283673096006,
0.0880149430923343));
#1988=CARTESIAN_POINT('Ctrl Pts',(-28.2345091954518,-0.600225760673418,
0.205401506234416));
#1989=CARTESIAN_POINT('Ctrl Pts',(-28.2019231041511,-0.947051937731828,
0.323152196666621));
#1990=CARTESIAN_POINT('Ctrl Pts',(-28.9444265027604,0.0666394468310608,
-0.0196083212086021));
#1991=CARTESIAN_POINT('Ctrl Pts',(-28.9155383892355,-0.281646609777477,
0.0951807829841414));
#1992=CARTESIAN_POINT('Ctrl Pts',(-28.8862531360524,-0.629836171143902,
0.210314696838282));
#1993=CARTESIAN_POINT('Ctrl Pts',(-28.8566177416595,-0.977958705676235,
0.32573243104302));
#1994=CARTESIAN_POINT('Ctrl Pts',(-30.2325790345702,0.114892671820427,0.302682623157905));
#1995=CARTESIAN_POINT('Ctrl Pts',(-30.2107868251523,-0.23478840011082,0.415809890362548));
#1996=CARTESIAN_POINT('Ctrl Pts',(-30.1885722543058,-0.584423926927854,
0.52920152937032));
#1997=CARTESIAN_POINT('Ctrl Pts',(-30.1661019792123,-0.934038917774352,
0.642838438901667));
#1998=CARTESIAN_POINT('Ctrl Pts',(-31.9765902524594,0.536386122744776,1.7951022867521));
#1999=CARTESIAN_POINT('Ctrl Pts',(-31.9641568080702,0.188326130829225,1.91460495984153));
#2000=CARTESIAN_POINT('Ctrl Pts',(-31.9514886092477,-0.159704495613431,
2.0343800380521));
#2001=CARTESIAN_POINT('Ctrl Pts',(-31.938522442455,-0.507710325456129,2.15441620342215));
#2002=CARTESIAN_POINT('Ctrl Pts',(-32.383429273845,1.0540003634045,3.38649958576829));
#2003=CARTESIAN_POINT('Ctrl Pts',(-32.3695477733652,0.709638666984137,3.51478883749215));
#2004=CARTESIAN_POINT('Ctrl Pts',(-32.3550350394164,0.365378216409002,3.6433776204696));
#2005=CARTESIAN_POINT('Ctrl Pts',(-32.3405300373914,0.0211728520660202,
3.77228741557898));
#2006=CARTESIAN_POINT('Ctrl Pts',(-32.2610548109915,1.36657485788685,4.29629981221071));
#2007=CARTESIAN_POINT('Ctrl Pts',(-32.2427881823893,1.02417114740168,4.4280817534199));
#2008=CARTESIAN_POINT('Ctrl Pts',(-32.2241554964263,0.681866213667589,4.56014687081813));
#2009=CARTESIAN_POINT('Ctrl Pts',(-32.2051425676817,0.339665179038967,4.69250669263849));
#2010=CARTESIAN_POINT('',(-28.2026468880506,-0.939347751103364,0.320536620520649));
#2011=CARTESIAN_POINT('',(-32.2051425676817,0.33966517903897,4.69250669263848));
#2012=CARTESIAN_POINT('Ctrl Pts',(-28.2026468880506,-0.939347751103364,
0.320536620520649));
#2013=CARTESIAN_POINT('Ctrl Pts',(-28.7238636490442,-0.942086126398277,
0.31523972154587));
#2014=CARTESIAN_POINT('Ctrl Pts',(-29.2413761152272,-0.912317745227154,
0.406348944780431));
#2015=CARTESIAN_POINT('Ctrl Pts',(-30.2092142908713,-0.799104051977666,
0.773683951441573));
#2016=CARTESIAN_POINT('Ctrl Pts',(-30.6504215933158,-0.716933073010079,
1.04598287492409));
#2017=CARTESIAN_POINT('Ctrl Pts',(-31.3983598992291,-0.513610954238973,
1.73861400266454));
#2018=CARTESIAN_POINT('Ctrl Pts',(-31.6979289196686,-0.394482763676456,
2.15191562807356));
#2019=CARTESIAN_POINT('Ctrl Pts',(-32.0555481106104,-0.170085826246982,
2.93455621316382));
#2020=CARTESIAN_POINT('Ctrl Pts',(-32.156537270281,-0.0717299490883743,
3.27846281212149));
#2021=CARTESIAN_POINT('Ctrl Pts',(-32.2575224744358,0.131457352145362,3.98324299882093));
#2022=CARTESIAN_POINT('Ctrl Pts',(-32.2568706622759,0.235347347639828,4.34077388439493));
#2023=CARTESIAN_POINT('Ctrl Pts',(-32.2051425676817,0.33966517903897,4.69250669263848));
#2024=CARTESIAN_POINT('',(-32.2561538277433,1.27487370879151,4.33160079894758));
#2025=CARTESIAN_POINT('Ctrl Pts',(-32.2051425676817,0.339665179038967,4.69250669263849));
#2026=CARTESIAN_POINT('Ctrl Pts',(-32.2224581312531,0.651316469005148,4.57196319616783));
#2027=CARTESIAN_POINT('Ctrl Pts',(-32.2394583133353,0.963053935109801,4.45166413384294));
#2028=CARTESIAN_POINT('Ctrl Pts',(-32.2561538292461,1.27487370805248,4.33160079752023));
#2029=CARTESIAN_POINT('',(-28.2906619556443,0.00773019609475197,-2.46763446479713E-12));
#2030=CARTESIAN_POINT('Ctrl Pts',(-32.2561538277433,1.27487370879151,4.33160079894758));
#2031=CARTESIAN_POINT('Ctrl Pts',(-32.3234010368897,1.12811408816639,3.83598552737844));
#2032=CARTESIAN_POINT('Ctrl Pts',(-32.2892443583684,0.98277841238107,3.33132754879095));
#2033=CARTESIAN_POINT('Ctrl Pts',(-32.021678128406,0.705216421408601,2.36373011499822));
#2034=CARTESIAN_POINT('Ctrl Pts',(-31.7911719796424,0.575519981269676,1.90996985439067));
#2035=CARTESIAN_POINT('Ctrl Pts',(-31.1623574434362,0.345069439707455,1.11454447605805));
#2036=CARTESIAN_POINT('Ctrl Pts',(-30.7704903525732,0.246469752740396,0.780505395690019));
#2037=CARTESIAN_POINT('Ctrl Pts',(-30.0165072334601,0.118235527875634,0.35563252539846));
#2038=CARTESIAN_POINT('Ctrl Pts',(-29.6875185501099,0.0773000517439152,
0.223229631837682));
#2039=CARTESIAN_POINT('Ctrl Pts',(-29.0010853009514,0.0215727848944053,
0.0449527609014155));
#2040=CARTESIAN_POINT('Ctrl Pts',(-28.6466310603547,0.00708415415543649,
-2.63045040329172E-15));
#2041=CARTESIAN_POINT('Ctrl Pts',(-28.290661955643,0.00773019608776247,
-2.96637714392034E-15));
#2042=CARTESIAN_POINT('Ctrl Pts',(-28.2906619569779,0.00773019543156381,
-1.32051720426463E-9));
#2043=CARTESIAN_POINT('Ctrl Pts',(-28.2616285476101,-0.308055354158651,
0.106551876004832));
#2044=CARTESIAN_POINT('Ctrl Pts',(-28.2322937287259,-0.623749522233607,
0.213393543108775));
#2045=CARTESIAN_POINT('Ctrl Pts',(-28.2026468880632,-0.939347751111432,
0.320536620508644));
#2046=CARTESIAN_POINT('Ctrl Pts',(-5.,0.05,-6.12323399573677E-16));
#2047=CARTESIAN_POINT('Ctrl Pts',(-4.99971938274766,-0.104620106038831,
0.295302650129675));
#2048=CARTESIAN_POINT('Ctrl Pts',(-4.99943876549532,-0.259240212077662,
0.59060530025935));
#2049=CARTESIAN_POINT('Ctrl Pts',(-4.99915814824298,-0.413860318116492,
0.885907950389026));
#2050=CARTESIAN_POINT('Ctrl Pts',(-8.32723742246302,0.0439614565835517,
-1.01979246551594E-15));
#2051=CARTESIAN_POINT('Ctrl Pts',(-8.32681098934008,-0.191003194155154,
0.248488362819795));
#2052=CARTESIAN_POINT('Ctrl Pts',(-8.32638049443396,-0.428205887429353,
0.510042415992198));
#2053=CARTESIAN_POINT('Ctrl Pts',(-8.32595406131102,-0.663170538168059,
0.758530778811995));
#2054=CARTESIAN_POINT('Ctrl Pts',(-16.0907914082101,0.0298715219451723,
-1.97055361938122E-15));
#2055=CARTESIAN_POINT('Ctrl Pts',(-16.0902452074636,-0.271085089332225,
0.153325083666593));
#2056=CARTESIAN_POINT('Ctrl Pts',(-16.0897025648771,-0.570081154533445,
0.303476758650179));
#2057=CARTESIAN_POINT('Ctrl Pts',(-16.0891563641307,-0.871037765810842,
0.456801842316773));
#2058=CARTESIAN_POINT('Ctrl Pts',(-23.8543453939571,0.0157815873067929,
-2.9213147732465E-15));
#2059=CARTESIAN_POINT('Ctrl Pts',(-23.853782961964,-0.294118440897122,0.123002616205172));
#2060=CARTESIAN_POINT('Ctrl Pts',(-23.8532156317193,-0.606717405729784,
0.241510455337438));
#2061=CARTESIAN_POINT('Ctrl Pts',(-23.8526531997262,-0.916617433933699,
0.364513071542613));
#2062=CARTESIAN_POINT('Ctrl Pts',(-28.2906619572411,0.00773019608486181,
-3.46460686116952E-15));
#2063=CARTESIAN_POINT('Ctrl Pts',(-28.290088738784,-0.308113173807573,0.106553968610753));
#2064=CARTESIAN_POINT('Ctrl Pts',(-28.2895155203268,-0.623956543700008,
0.21310793722151));
#2065=CARTESIAN_POINT('Ctrl Pts',(-28.2889423018697,-0.939799913592442,
0.319661905832267));
#2066=CARTESIAN_POINT('',(-5.,0.05,-6.12323399573677E-16));
#2067=CARTESIAN_POINT('',(-5.,0.05,-6.12323399573677E-16));
#2068=CARTESIAN_POINT('',(-4.99915814824298,-0.413860318116492,0.885907950389026));
#2069=CARTESIAN_POINT('',(-5.,0.05,-6.12323399573677E-16));
#2070=CARTESIAN_POINT('Ctrl Pts',(-4.99915814824298,-0.413860318116492,
0.885907950389026));
#2071=CARTESIAN_POINT('Ctrl Pts',(-8.32595406131102,-0.663170538168059,
0.758530778811995));
#2072=CARTESIAN_POINT('Ctrl Pts',(-16.0603923504439,-0.870267581607505,
0.457919800463488));
#2073=CARTESIAN_POINT('Ctrl Pts',(-23.7951229938059,-0.916277444816089,
0.3651998386716));
#2074=CARTESIAN_POINT('Ctrl Pts',(-28.2026468865291,-0.939348589455339,
0.320535369045583));
#2075=CARTESIAN_POINT('Ctrl Pts',(-5.,0.05,-6.12323399573677E-16));
#2076=CARTESIAN_POINT('Ctrl Pts',(-14.1833333333333,0.0333333333333334,
-1.73695737679066E-15));
#2077=CARTESIAN_POINT('Ctrl Pts',(-23.3666666666667,0.0166666666666667,
-2.86159135400765E-15));
#2078=CARTESIAN_POINT('Ctrl Pts',(-32.55,6.12323399573664E-18,-3.98622533122463E-15));
#2079=CARTESIAN_POINT('Ctrl Pts',(-5.,1.81920657086874,0.926354394287336));
#2080=CARTESIAN_POINT('Ctrl Pts',(-14.1833333333333,1.80500741685321,2.63616946458003));
#2081=CARTESIAN_POINT('Ctrl Pts',(-23.3666666666667,1.79080826283769,4.34598453487272));
#2082=CARTESIAN_POINT('Ctrl Pts',(-32.55,1.77660910882216,6.05579960516541));
#2083=CARTESIAN_POINT('Ctrl Pts',(-4.7266180494836,3.58841314173748,1.84672676348512));
#2084=CARTESIAN_POINT('Ctrl Pts',(-13.4235772618254,3.5766815003731,5.26513416011254));
#2085=CARTESIAN_POINT('Ctrl Pts',(-22.1205364741673,3.56494985900871,8.68354155673998));
#2086=CARTESIAN_POINT('Ctrl Pts',(-30.8174956865092,3.55321821764433,12.1019489533674));
#2087=CARTESIAN_POINT('Ctrl Pts',(-3.94147661577063,6.44724597090976,3.12015580537127));
#2088=CARTESIAN_POINT('Ctrl Pts',(-11.1726622447332,6.43950154409095,8.88090449587325));
#2089=CARTESIAN_POINT('Ctrl Pts',(-18.4038478736958,6.43175711727213,14.6416531863752));
#2090=CARTESIAN_POINT('Ctrl Pts',(-25.6350335026583,6.42401269045332,20.4024018768772));
#2091=CARTESIAN_POINT('Ctrl Pts',(-3.56161786406732,7.53687222921331,3.55533109839652));
#2092=CARTESIAN_POINT('Ctrl Pts',(-10.0758333263995,7.53064750428892,10.1085238963828));
#2093=CARTESIAN_POINT('Ctrl Pts',(-16.5900487887317,7.52442277936454,16.661716694369));
#2094=CARTESIAN_POINT('Ctrl Pts',(-23.1042642510639,7.51819805444015,23.2149094923552));
#2095=CARTESIAN_POINT('Ctrl Pts',(-2.83663515469712,9.30711200274602,4.13285608725454));
#2096=CARTESIAN_POINT('Ctrl Pts',(-8.00911976201001,9.30335623148067,11.7472065016152));
#2097=CARTESIAN_POINT('Ctrl Pts',(-13.1816043693229,9.29960046021532,19.3615569159758));
#2098=CARTESIAN_POINT('Ctrl Pts',(-18.3540889766358,9.29584468894998,26.9759073303364));
#2099=CARTESIAN_POINT('Ctrl Pts',(-2.53395805783173,9.98772551797517,4.32475942472245));
#2100=CARTESIAN_POINT('Ctrl Pts',(-7.14743810937874,9.98491899847444,12.2924409773523));
#2101=CARTESIAN_POINT('Ctrl Pts',(-11.7609181609258,9.98211247897371,20.2601225299821));
#2102=CARTESIAN_POINT('Ctrl Pts',(-16.3743982124728,9.97930595947298,28.227804082612));
#2103=CARTESIAN_POINT('Ctrl Pts',(-2.00612756492916,11.1122260221362,4.5856354230573));
#2104=CARTESIAN_POINT('Ctrl Pts',(-5.642615652131,11.1109878436455,13.0292654170787));
#2105=CARTESIAN_POINT('Ctrl Pts',(-9.27910373933281,11.1097496651547,21.4728954111001));
#2106=CARTESIAN_POINT('Ctrl Pts',(-12.9155918265346,11.108511486664,29.9165254051215));
#2107=CARTESIAN_POINT('Ctrl Pts',(-1.79062649982,11.5561130110681,4.6741496748363));
#2108=CARTESIAN_POINT('Ctrl Pts',(-5.02825632039611,11.5554939218227,13.2785586122638));
#2109=CARTESIAN_POINT('Ctrl Pts',(-8.26588614097224,11.5548748325774,21.8829675496914));
#2110=CARTESIAN_POINT('Ctrl Pts',(-11.5035159615484,11.554255743332,30.4873764871189));
#2111=CARTESIAN_POINT('Ctrl Pts',(-1.56996227983703,12.,4.74712738820952));
#2112=CARTESIAN_POINT('Ctrl Pts',(-4.39947590885953,12.,13.4837147939421));
#2113=CARTESIAN_POINT('Ctrl Pts',(-7.22898953788204,12.,22.2203021996747));
#2114=CARTESIAN_POINT('Ctrl Pts',(-10.0585031669045,12.,30.9568896054072));
#2115=CARTESIAN_POINT('',(-27.6102965612626,5.32982732646649,17.2387361427436));
#2116=CARTESIAN_POINT('Ctrl Pts',(-32.2561538277433,1.27487370879151,4.33160079894758));
#2117=CARTESIAN_POINT('Ctrl Pts',(-31.6368092767801,2.62652491468317,8.89620090230946));
#2118=CARTESIAN_POINT('Ctrl Pts',(-30.0503462850019,3.97817612057483,13.3306482215169));
#2119=CARTESIAN_POINT('Ctrl Pts',(-27.6102965612626,5.32982732646649,17.2387361427436));
#2120=CARTESIAN_POINT('',(-14.2809261649998,10.662767229996,29.2499170574862));
#2121=CARTESIAN_POINT('Ctrl Pts',(-27.6102965612626,5.32982732646649,17.2387361427436));
#2122=CARTESIAN_POINT('Ctrl Pts',(-24.4012244570577,7.10747396097632,22.3785231752673));
#2123=CARTESIAN_POINT('Ctrl Pts',(-19.7259362923227,8.88512059548615,26.5914552422561));
#2124=CARTESIAN_POINT('Ctrl Pts',(-14.2809261649998,10.662767229996,29.2499170574862));
#2125=CARTESIAN_POINT('',(-14.0851838580597,10.7265680102384,29.3446762755022));
#2126=CARTESIAN_POINT('Ctrl Pts',(-14.2809261649998,10.662767229996,29.2499170574862));
#2127=CARTESIAN_POINT('Ctrl Pts',(-14.2157846294049,10.6840341567435,29.2817216420352));
#2128=CARTESIAN_POINT('Ctrl Pts',(-14.1505366940006,10.7053010834909,29.3133082500744));
#2129=CARTESIAN_POINT('Ctrl Pts',(-14.0851838580597,10.7265680102384,29.3446762755022));
#2130=CARTESIAN_POINT('',(-8.74691217298796,12.,26.9071372941302));
#2131=CARTESIAN_POINT('Ctrl Pts',(-8.74691217298796,12.,26.9071372941302));
#2132=CARTESIAN_POINT('Ctrl Pts',(-8.90750409541073,12.,27.4029911937227));
#2133=CARTESIAN_POINT('Ctrl Pts',(-9.15831527669928,11.9676560414709,27.8645164836098));
#2134=CARTESIAN_POINT('Ctrl Pts',(-9.81409257779354,11.849801961064,28.6648230218363));
#2135=CARTESIAN_POINT('Ctrl Pts',(-10.2124507415354,11.7656012931631,28.9961939187337));
#2136=CARTESIAN_POINT('Ctrl Pts',(-11.1067573310841,11.5588630159065,29.4842404546692));
#2137=CARTESIAN_POINT('Ctrl Pts',(-11.5937862517326,11.4383713145814,29.6363521616339));
#2138=CARTESIAN_POINT('Ctrl Pts',(-12.4347967887292,11.2160824701746,29.7240915828649));
#2139=CARTESIAN_POINT('Ctrl Pts',(-12.7782353098787,11.1213981797472,29.7126485345843));
#2140=CARTESIAN_POINT('Ctrl Pts',(-13.4512028816056,10.9262459148113,29.5965345018632));
#2141=CARTESIAN_POINT('Ctrl Pts',(-13.7777509624217,10.8266119146409,29.4922377814241));
#2142=CARTESIAN_POINT('Ctrl Pts',(-14.0851838580597,10.7265680102384,29.3446762755022));
#2143=CARTESIAN_POINT('',(-1.56996227983703,12.,4.74712738820952));
#2144=CARTESIAN_POINT('',(-1.56996227983703,12.,4.74712738820952));
#2145=CARTESIAN_POINT('',(-3.11537311871886,8.62649848751686,3.91081197849806));
#2146=CARTESIAN_POINT('Ctrl Pts',(-3.11537311871886,8.62649848751686,3.91081197849806));
#2147=CARTESIAN_POINT('Ctrl Pts',(-2.6548460000857,9.75099899167791,4.27767027128201));
#2148=CARTESIAN_POINT('Ctrl Pts',(-2.12897174127278,10.875499495839,4.56225268467704));
#2149=CARTESIAN_POINT('Ctrl Pts',(-1.56996227983703,12.,4.74712738820952));
#2150=CARTESIAN_POINT('Ctrl Pts',(-5.,0.05,-6.12323399573677E-16));
#2151=CARTESIAN_POINT('Ctrl Pts',(-5.,2.90883282917229,1.49688136899483));
#2152=CARTESIAN_POINT('Ctrl Pts',(-4.28617743636997,5.76766565834457,2.97814318272254));
#2153=CARTESIAN_POINT('Ctrl Pts',(-3.11537311871886,8.62649848751686,3.91081197849806));
#2154=CARTESIAN_POINT('Ctrl Pts',(-14.0851838580597,10.7265680102384,29.3446762755022));
#2155=CARTESIAN_POINT('Ctrl Pts',(-13.9657965269936,10.3858072631999,29.4018095771873));
#2156=CARTESIAN_POINT('Ctrl Pts',(-13.8465649886495,10.0449489477087,29.4585114072525));
#2157=CARTESIAN_POINT('Ctrl Pts',(-13.7274831931165,9.70399771373152,29.5147975206638));
#2158=CARTESIAN_POINT('Ctrl Pts',(-13.5330940421548,10.9349973298065,29.6096809996411));
#2159=CARTESIAN_POINT('Ctrl Pts',(-13.41503907248,10.5929423524364,29.6633786057767));
#2160=CARTESIAN_POINT('Ctrl Pts',(-13.2971563336787,10.2508163506316,29.716725705649));
#2161=CARTESIAN_POINT('Ctrl Pts',(-13.1794547097031,9.90859932586383,29.7696419027364));
#2162=CARTESIAN_POINT('Ctrl Pts',(-12.2931897117895,11.3508377848607,29.8490369407872));
#2163=CARTESIAN_POINT('Ctrl Pts',(-12.1801464916768,11.0059465662139,29.8980848267006));
#2164=CARTESIAN_POINT('Ctrl Pts',(-12.06722001384,10.6610414692076,29.9468473544709));
#2165=CARTESIAN_POINT('Ctrl Pts',(-11.9545383656053,10.3160587523659,29.995226552488));
#2166=CARTESIAN_POINT('Ctrl Pts',(-10.1319912054304,11.9142335804505,29.1671429304697));
#2167=CARTESIAN_POINT('Ctrl Pts',(-10.0296503825569,11.5660323015677,29.2182879694223));
#2168=CARTESIAN_POINT('Ctrl Pts',(-9.92745611318873,11.2178112554311,29.2690877839666));
#2169=CARTESIAN_POINT('Ctrl Pts',(-9.82537169664814,10.8695775471835,29.3195433141155));
#2170=CARTESIAN_POINT('Ctrl Pts',(-9.06013604991485,12.0460630560112,27.8240874197557));
#2171=CARTESIAN_POINT('Ctrl Pts',(-8.96077664623207,11.6987833670356,27.8843019177245));
#2172=CARTESIAN_POINT('Ctrl Pts',(-8.86131411503768,11.3515504100416,27.9442146075395));
#2173=CARTESIAN_POINT('Ctrl Pts',(-8.76225834577761,11.0041491090759,28.0035798604608));
#2174=CARTESIAN_POINT('Ctrl Pts',(-8.74889384151491,12.0067587566238,26.9058561188138));
#2175=CARTESIAN_POINT('Ctrl Pts',(-8.6476172799234,11.6613465039528,26.9713347790645));
#2176=CARTESIAN_POINT('Ctrl Pts',(-8.54655935397466,11.3158257762407,27.0363650219731));
#2177=CARTESIAN_POINT('Ctrl Pts',(-8.44571041969511,10.970202106868,27.1009636182686));
#2178=CARTESIAN_POINT('',(-13.7577996171949,9.79078745727647,29.5004604678176));
#2179=CARTESIAN_POINT('',(-8.46963319142057,11.0521734724209,27.0856343418773));
#2180=CARTESIAN_POINT('Ctrl Pts',(-13.7577996171949,9.79078745727647,29.5004604678176));
#2181=CARTESIAN_POINT('Ctrl Pts',(-13.3045509227214,9.93750576011763,29.7118501844386));
#2182=CARTESIAN_POINT('Ctrl Pts',(-12.8125386434526,10.0827285326434,29.8291069882878));
#2183=CARTESIAN_POINT('Ctrl Pts',(-11.8090703199411,10.3599244983761,29.8610066312696));
#2184=CARTESIAN_POINT('Ctrl Pts',(-11.3072465414961,10.4893685202109,29.775673200284));
#2185=CARTESIAN_POINT('Ctrl Pts',(-10.3606845667291,10.7191198765757,29.4114909915856));
#2186=CARTESIAN_POINT('Ctrl Pts',(-9.92514440220122,10.8172771142162,29.1365021595047));
#2187=CARTESIAN_POINT('Ctrl Pts',(-9.30591282603364,10.9423450641304,28.552870984787));
#2188=CARTESIAN_POINT('Ctrl Pts',(-9.08972721734658,10.9815690176788,28.290924650483));
#2189=CARTESIAN_POINT('Ctrl Pts',(-8.72496061918906,11.0360403658829,27.7178406790378));
#2190=CARTESIAN_POINT('Ctrl Pts',(-8.57795271046773,11.0510200760172,27.4089585685427));
#2191=CARTESIAN_POINT('Ctrl Pts',(-8.46963319142057,11.0521734724209,27.0856343418773));
#2192=CARTESIAN_POINT('Ctrl Pts',(-8.46963319071857,11.052173472964,27.0856343432601));
#2193=CARTESIAN_POINT('Ctrl Pts',(-8.56188167166379,11.3682035006783,27.0265016365986));
#2194=CARTESIAN_POINT('Ctrl Pts',(-8.65430554114736,11.6841470866386,26.9670068945434));
#2195=CARTESIAN_POINT('Ctrl Pts',(-8.74691217298227,12.0000000000042,26.9071372941413));
#2196=CARTESIAN_POINT('Ctrl Pts',(-14.0851838580597,10.7265680102384,29.3446762755022));
#2197=CARTESIAN_POINT('Ctrl Pts',(-13.9759268475375,10.4147216845664,29.3969616703396));
#2198=CARTESIAN_POINT('Ctrl Pts',(-13.8668003126159,10.102793645819,29.4488857099223));
#2199=CARTESIAN_POINT('Ctrl Pts',(-13.7577996164541,9.79078745787575,29.5004604693485));
#2200=CARTESIAN_POINT('Ctrl Pts',(-14.2809261649998,10.662767229996,29.2499170574862));
#2201=CARTESIAN_POINT('Ctrl Pts',(-14.1965403773239,10.3429143740327,29.2909572875241));
#2202=CARTESIAN_POINT('Ctrl Pts',(-14.112154589648,10.0230615180694,29.331997517562));
#2203=CARTESIAN_POINT('Ctrl Pts',(-14.0277688019721,9.70320866210616,29.3730377475999));
#2204=CARTESIAN_POINT('Ctrl Pts',(-14.1915069672027,10.6919601483391,29.2935749235569));
#2205=CARTESIAN_POINT('Ctrl Pts',(-14.1069962201388,10.3721072987712,29.3343582653993));
#2206=CARTESIAN_POINT('Ctrl Pts',(-14.0224854730665,10.052254449208,29.3751416072482));
#2207=CARTESIAN_POINT('Ctrl Pts',(-13.9379747260027,9.73240159964002,29.4159249490905));
#2208=CARTESIAN_POINT('Ctrl Pts',(-14.1018872823191,10.7211530666823,29.3368220607399));
#2209=CARTESIAN_POINT('Ctrl Pts',(-14.0172527554987,10.4013002213642,29.3773479404933));
#2210=CARTESIAN_POINT('Ctrl Pts',(-13.93261822867,10.0814473760508,29.4178738202532));
#2211=CARTESIAN_POINT('Ctrl Pts',(-13.8479837018496,9.76159453073272,29.4583997000066));
#2212=CARTESIAN_POINT('Ctrl Pts',(-14.0120709882703,10.7503459850255,29.3796569013322));
#2213=CARTESIAN_POINT('Ctrl Pts',(-13.9273138645785,10.4304931424425,29.4199247568273));
#2214=CARTESIAN_POINT('Ctrl Pts',(-13.8425567408867,10.1106402998595,29.4601926123225));
#2215=CARTESIAN_POINT('Ctrl Pts',(-13.7577996171949,9.79078745727647,29.5004604678176));
#2216=CARTESIAN_POINT('',(-14.0277688019721,9.70320866210616,29.3730377475999));
#2217=CARTESIAN_POINT('',(-14.2809261649998,10.662767229996,29.2499170574862));
#2218=CARTESIAN_POINT('Ctrl Pts',(-14.0277688019721,9.70320866210616,29.3730377475999));
#2219=CARTESIAN_POINT('Ctrl Pts',(-13.9379747260027,9.73240159964002,29.4159249490905));
#2220=CARTESIAN_POINT('Ctrl Pts',(-13.8479837018496,9.76159453073272,29.4583997000066));
#2221=CARTESIAN_POINT('Ctrl Pts',(-13.7577996171949,9.79078745727647,29.5004604678176));
#2222=CARTESIAN_POINT('Ctrl Pts',(-27.6102965612626,5.32982732646649,17.2387361427436));
#2223=CARTESIAN_POINT('Ctrl Pts',(-27.560294841105,5.00997462719272,17.3181413683882));
#2224=CARTESIAN_POINT('Ctrl Pts',(-27.5102931209475,4.69012192791895,17.3975465940329));
#2225=CARTESIAN_POINT('Ctrl Pts',(-27.46029140079,4.37026922864518,17.4769518196776));
#2226=CARTESIAN_POINT('Ctrl Pts',(-24.4012244570577,7.10747396097632,22.3785231752673));
#2227=CARTESIAN_POINT('Ctrl Pts',(-24.3364827632708,6.78762614827004,22.4487011121238));
#2228=CARTESIAN_POINT('Ctrl Pts',(-24.2716645249486,6.46784304588964,22.5189870027657));
#2229=CARTESIAN_POINT('Ctrl Pts',(-24.2069228311618,6.14799523318335,22.5891649396222));
#2230=CARTESIAN_POINT('Ctrl Pts',(-19.7259362923227,8.88512059548615,26.5914552422561));
#2231=CARTESIAN_POINT('Ctrl Pts',(-19.6491121329447,8.56527339156405,26.648155522943));
#2232=CARTESIAN_POINT('Ctrl Pts',(-19.5721769229564,8.24549084150472,26.7049273853669));
#2233=CARTESIAN_POINT('Ctrl Pts',(-19.4953527635784,7.92564363758262,26.7616276660537));
#2234=CARTESIAN_POINT('Ctrl Pts',(-14.2809261649998,10.662767229996,29.2499170574862));
#2235=CARTESIAN_POINT('Ctrl Pts',(-14.1965403773239,10.3429143740327,29.2909572875241));
#2236=CARTESIAN_POINT('Ctrl Pts',(-14.112154589648,10.0230615180694,29.331997517562));
#2237=CARTESIAN_POINT('Ctrl Pts',(-14.0277688019721,9.70320866210616,29.3730377475999));
#2238=CARTESIAN_POINT('',(-27.46029140079,4.37026922864518,17.4769518196776));
#2239=CARTESIAN_POINT('',(-27.6102965612626,5.32982732646649,17.2387361427436));
#2240=CARTESIAN_POINT('Ctrl Pts',(-27.46029140079,4.37026922864518,17.4769518196776));
#2241=CARTESIAN_POINT('Ctrl Pts',(-24.2069228311618,6.14799523318335,22.5891649396222));
#2242=CARTESIAN_POINT('Ctrl Pts',(-19.4953527635784,7.92564363758262,26.7616276660537));
#2243=CARTESIAN_POINT('Ctrl Pts',(-14.0277688019721,9.70320866210616,29.3730377475999));
#2244=CARTESIAN_POINT('Ctrl Pts',(-32.2561538277433,1.27487370879151,4.33160079894758));
#2245=CARTESIAN_POINT('Ctrl Pts',(-32.2431376990495,0.9550257324448,4.42454682377843));
#2246=CARTESIAN_POINT('Ctrl Pts',(-32.2301215703558,0.635177756098093,4.51749284860927));
#2247=CARTESIAN_POINT('Ctrl Pts',(-32.2171054416621,0.315329779751385,4.61043887344011));
#2248=CARTESIAN_POINT('Ctrl Pts',(-31.6368092767801,2.62652491468317,8.89620090230946));
#2249=CARTESIAN_POINT('Ctrl Pts',(-31.6106977505863,2.30666576094387,8.98728451751144));
#2250=CARTESIAN_POINT('Ctrl Pts',(-31.5845694266841,1.98682838359137,9.07841093035084));
#2251=CARTESIAN_POINT('Ctrl Pts',(-31.5584579004903,1.66696922985207,9.16949454555282));
#2252=CARTESIAN_POINT('Ctrl Pts',(-30.0503462850019,3.97817612057483,13.3306482215169));
#2253=CARTESIAN_POINT('Ctrl Pts',(-30.0115079710529,3.65833717859221,13.4171485123643));
#2254=CARTESIAN_POINT('Ctrl Pts',(-29.9726385618551,3.33851964372689,13.5036854004004));
#2255=CARTESIAN_POINT('Ctrl Pts',(-29.9338002479061,3.01868070174427,13.5901856912479));
#2256=CARTESIAN_POINT('Ctrl Pts',(-27.6102965612626,5.32982732646649,17.2387361427436));
#2257=CARTESIAN_POINT('Ctrl Pts',(-27.560294841105,5.00997462719272,17.3181413683882));
#2258=CARTESIAN_POINT('Ctrl Pts',(-27.5102931209475,4.69012192791895,17.3975465940329));
#2259=CARTESIAN_POINT('Ctrl Pts',(-27.46029140079,4.37026922864518,17.4769518196776));
#2260=CARTESIAN_POINT('Ctrl Pts',(-32.2051425603454,0.339665189848245,4.692506713898));
#2261=CARTESIAN_POINT('Ctrl Pts',(-31.53892671359,1.68319369146597,9.22253645621781));
#2262=CARTESIAN_POINT('Ctrl Pts',(-29.9189556005353,3.02679219691671,13.6135119359293));
#2263=CARTESIAN_POINT('Ctrl Pts',(-27.46029140079,4.37026922864518,17.4769518196776));
#2264=CARTESIAN_POINT('Ctrl Pts',(-5.,0.05,-6.12323399573677E-16));
#2265=CARTESIAN_POINT('Ctrl Pts',(-4.99971938274766,-0.104620106038831,
0.295302650129675));
#2266=CARTESIAN_POINT('Ctrl Pts',(-4.99943876549532,-0.259240212077662,
0.59060530025935));
#2267=CARTESIAN_POINT('Ctrl Pts',(-4.99915814824298,-0.413860318116492,
0.885907950389026));
#2268=CARTESIAN_POINT('Ctrl Pts',(-5.,2.90883282917229,1.49688136899483));
#2269=CARTESIAN_POINT('Ctrl Pts',(-4.91073159051677,2.75437489978712,1.7927240097458));
#2270=CARTESIAN_POINT('Ctrl Pts',(-4.82210161563344,2.60195698927053,2.08801649590111));
#2271=CARTESIAN_POINT('Ctrl Pts',(-4.73283320615021,2.44749905988537,2.38385913665208));
#2272=CARTESIAN_POINT('Ctrl Pts',(-4.28617743636997,5.76766565834457,2.97814318272254));
#2273=CARTESIAN_POINT('Ctrl Pts',(-4.10896230290787,5.61322129316741,3.2313163938586));
#2274=CARTESIAN_POINT('Ctrl Pts',(-3.93180091640337,5.46081575130378,3.48364134227429));
#2275=CARTESIAN_POINT('Ctrl Pts',(-3.75458578294128,5.30637138612662,3.73681455341035));
#2276=CARTESIAN_POINT('Ctrl Pts',(-3.11537311871886,8.62649848751686,3.91081197849806));
#2277=CARTESIAN_POINT('Ctrl Pts',(-2.88353157761818,8.47187967966951,4.09371532781413));
#2278=CARTESIAN_POINT('Ctrl Pts',(-2.6516900365175,8.31726087182216,4.27661867713021));
#2279=CARTESIAN_POINT('Ctrl Pts',(-2.41984849541683,8.16264206397481,4.45952202644628));
#2280=CARTESIAN_POINT('',(-2.41984849541683,8.16264206397481,4.45952202644628));
#2281=CARTESIAN_POINT('',(-3.11537311871886,8.62649848751686,3.91081197849806));
#2282=CARTESIAN_POINT('Ctrl Pts',(-4.99915814824298,-0.413860318116492,
0.885907950389026));
#2283=CARTESIAN_POINT('Ctrl Pts',(-4.73283320615021,2.44749905988537,2.38385913665208));
#2284=CARTESIAN_POINT('Ctrl Pts',(-3.75458578294128,5.30637138612662,3.73681455341035));
#2285=CARTESIAN_POINT('Ctrl Pts',(-2.41984849541683,8.16264206397481,4.45952202644628));
#2286=CARTESIAN_POINT('Ctrl Pts',(-4.99915814824298,-0.413860318116492,
0.885907950389026));
#2287=CARTESIAN_POINT('Ctrl Pts',(-7.62261950436613,-0.610462618072025,
0.785460223502037));
#2288=CARTESIAN_POINT('Ctrl Pts',(-12.8699141961801,-0.798706476177468,
0.569086497495421));
#2289=CARTESIAN_POINT('Ctrl Pts',(-22.0530750577696,-0.91040507368766,0.382730019961176));
#2290=CARTESIAN_POINT('Ctrl Pts',(-28.6125608484814,-0.943258201057599,
0.312718327351051));
#2291=CARTESIAN_POINT('Ctrl Pts',(-32.5482585168743,-0.959557202242985,
0.281508335329767));
#2292=CARTESIAN_POINT('Ctrl Pts',(-4.83434129266168,1.35690982329239,1.81292440778172));
#2293=CARTESIAN_POINT('Ctrl Pts',(-7.47787449983432,1.16051946216132,2.20110299437963));
#2294=CARTESIAN_POINT('Ctrl Pts',(-12.7640072247214,0.973047559409269,2.9614380132794));
#2295=CARTESIAN_POINT('Ctrl Pts',(-21.9826039432945,0.86354426682245,4.48455193632225));
#2296=CARTESIAN_POINT('Ctrl Pts',(-28.554623202599,0.83238882386455,5.63573029506188));
#2297=CARTESIAN_POINT('Ctrl Pts',(-32.496103362139,0.817130124835268,6.33725191220425));
#2298=CARTESIAN_POINT('Ctrl Pts',(-4.39636884229027,3.12431815764011,2.68516056308627));
#2299=CARTESIAN_POINT('Ctrl Pts',(-6.91781612940065,2.92936577576356,3.56596352343352));
#2300=CARTESIAN_POINT('Ctrl Pts',(-11.9683167827395,2.7440292270152,5.31537432576777));
#2301=CARTESIAN_POINT('Ctrl Pts',(-20.7342549488378,2.63724089839947,8.55692127595796));
#2302=CARTESIAN_POINT('Ctrl Pts',(-26.9726015304574,2.60789772056186,10.9326253958173));
#2303=CARTESIAN_POINT('Ctrl Pts',(-30.7114937424513,2.59370459334632,12.3681129605522));
#2304=CARTESIAN_POINT('Ctrl Pts',(-3.38544452353651,5.98386652892933,3.81756080047927));
#2305=CARTESIAN_POINT('Ctrl Pts',(-5.51440125982098,5.7895762227541,5.38375485109141));
#2306=CARTESIAN_POINT('Ctrl Pts',(-9.78214254613361,5.6062270320086,8.50565070081316));
#2307=CARTESIAN_POINT('Ctrl Pts',(-17.1301986410134,5.50340971810341,14.1192654761078));
#2308=CARTESIAN_POINT('Ctrl Pts',(-22.3392249404459,5.47692116511669,18.1791498434053));
#2309=CARTESIAN_POINT('Ctrl Pts',(-25.4578734857024,5.46444622383649,20.6234754932392));
#2310=CARTESIAN_POINT('Ctrl Pts',(-2.92857384858297,7.07397458745894,4.18410095906161));
#2311=CARTESIAN_POINT('Ctrl Pts',(-4.86117440977797,6.87991411384445,5.98427769056901));
#2312=CARTESIAN_POINT('Ctrl Pts',(-8.73842346120473,6.69723950666638,9.57604055067774));
#2313=CARTESIAN_POINT('Ctrl Pts',(-15.3856581788246,6.5958797660881,15.99639646286));
#2314=CARTESIAN_POINT('Ctrl Pts',(-20.0887544609618,6.57046440594572,20.6278326999047));
#2315=CARTESIAN_POINT('Ctrl Pts',(-22.9028521705055,6.55863905192811,23.4142019367063));
#2316=CARTESIAN_POINT('Ctrl Pts',(-2.1019780560161,8.84289059638692,4.6316525147819));
#2317=CARTESIAN_POINT('Ctrl Pts',(-3.6630312894877,8.65017876394953,6.7499993043051));
#2318=CARTESIAN_POINT('Ctrl Pts',(-6.79808504688497,8.46945560220414,10.979791342035));
#2319=CARTESIAN_POINT('Ctrl Pts',(-12.1250222850465,8.37069466026329,18.4888757817619));
#2320=CARTESIAN_POINT('Ctrl Pts',(-15.8777197391992,8.34706539154543,23.8884639539943));
#2321=CARTESIAN_POINT('Ctrl Pts',(-18.1203797474719,8.3362974859319,27.1341856740459));
#2322=CARTESIAN_POINT('Ctrl Pts',(-1.76524192032788,9.52390638779021,4.76970444531587));
#2323=CARTESIAN_POINT('Ctrl Pts',(-3.17033324288243,9.33133623997428,6.99509786451792));
#2324=CARTESIAN_POINT('Ctrl Pts',(-5.99438307716201,9.15099244792117,11.4400150977341));
#2325=CARTESIAN_POINT('Ctrl Pts',(-10.7694866427533,9.05311116977523,19.3137182376103));
#2326=CARTESIAN_POINT('Ctrl Pts',(-14.125625519849,9.03014376751232,24.9699662510553));
#2327=CARTESIAN_POINT('Ctrl Pts',(-16.1299191652941,9.0197784593923,28.3690153073081));
#2328=CARTESIAN_POINT('Ctrl Pts',(-1.1915654013254,10.6483518631437,4.93637811291));
#2329=CARTESIAN_POINT('Ctrl Pts',(-2.32291021724682,10.4561268723952,7.30876136120635));
#2330=CARTESIAN_POINT('Ctrl Pts',(-4.59988536209609,10.2767038326564,12.048285959128));
#2331=CARTESIAN_POINT('Ctrl Pts',(-8.40769806290904,10.1804514815785,20.4179663407456));
#2332=CARTESIAN_POINT('Ctrl Pts',(-11.069563555143,10.1586241036866,26.4215112896149));
#2333=CARTESIAN_POINT('Ctrl Pts',(-12.6567510201648,10.1489397895603,30.0278581384075));
#2334=CARTESIAN_POINT('Ctrl Pts',(-0.960543145321638,11.092284854177,4.9864558071829));
#2335=CARTESIAN_POINT('Ctrl Pts',(-1.97958792936847,10.9002536943468,7.40911844836831));
#2336=CARTESIAN_POINT('Ctrl Pts',(-4.03251496761523,10.7211659624808,12.2499827043757));
#2337=CARTESIAN_POINT('Ctrl Pts',(-7.44470142405521,10.6255106393725,20.7885125089622));
#2338=CARTESIAN_POINT('Ctrl Pts',(-9.82293249143603,10.604119104333,26.9099551838218));
#2339=CARTESIAN_POINT('Ctrl Pts',(-11.2397332881305,10.5946974645202,30.5865623898237));
#2340=CARTESIAN_POINT('Ctrl Pts',(-0.727150218019338,11.5361464836356,5.02008845468416));
#2341=CARTESIAN_POINT('Ctrl Pts',(-1.63114302120873,11.3443029510976,7.48530721227358));
#2342=CARTESIAN_POINT('Ctrl Pts',(-3.45385700214787,11.1655792846644,12.4109746571015));
#2343=CARTESIAN_POINT('Ctrl Pts',(-6.46066209098972,11.0705462747184,21.0901427778695));
#2344=CARTESIAN_POINT('Ctrl Pts',(-8.54834930551139,11.0495976010591,27.3089906892931));
#2345=CARTESIAN_POINT('Ctrl Pts',(-9.79068976945075,11.0404413770318,31.0436261791904));
#2346=CARTESIAN_POINT('',(-0.727150218019338,11.5361464836356,5.02008845468416));
#2347=CARTESIAN_POINT('Ctrl Pts',(-2.41978374339474,8.16278603598661,4.45957998419064));
#2348=CARTESIAN_POINT('Ctrl Pts',(-2.1019780560161,8.84289059638692,4.6316525147819));
#2349=CARTESIAN_POINT('Ctrl Pts',(-1.76524192032788,9.52390638779021,4.76970444531587));
#2350=CARTESIAN_POINT('Ctrl Pts',(-1.41801931726288,10.2044865963646,4.87058510333035));
#2351=CARTESIAN_POINT('Ctrl Pts',(-1.1915654013254,10.6483518631437,4.93637811291));
#2352=CARTESIAN_POINT('Ctrl Pts',(-0.960543145321638,11.092284854177,4.9864558071829));
#2353=CARTESIAN_POINT('Ctrl Pts',(-0.727150218019339,11.5361464836356,5.02008845468416));
#2354=CARTESIAN_POINT('Ctrl Pts',(-0.727150218019338,11.5361464836356,5.02008845468416));
#2355=CARTESIAN_POINT('Ctrl Pts',(-1.63114302120873,11.3443029510976,7.48530721227358));
#2356=CARTESIAN_POINT('Ctrl Pts',(-3.45385700214787,11.1655792846644,12.4109746571015));
#2357=CARTESIAN_POINT('Ctrl Pts',(-6.00528041716422,11.0849390570435,19.7756797550034));
#2358=CARTESIAN_POINT('Ctrl Pts',(-7.66034384133024,11.0605910365974,24.6726940606943));
#2359=CARTESIAN_POINT('Ctrl Pts',(-8.46927084060166,11.0520220078361,27.0857516962323));
#2360=CARTESIAN_POINT('Ctrl Pts',(-3.11537311871886,8.62649848751686,3.91081197849806));
#2361=CARTESIAN_POINT('Ctrl Pts',(-2.88353157761818,8.47187967966951,4.09371532781413));
#2362=CARTESIAN_POINT('Ctrl Pts',(-2.6516900365175,8.31726087182216,4.27661867713021));
#2363=CARTESIAN_POINT('Ctrl Pts',(-2.41984849541683,8.16264206397481,4.45952202644628));
#2364=CARTESIAN_POINT('Ctrl Pts',(-2.6548460000857,9.75099899167791,4.27767027128201));
#2365=CARTESIAN_POINT('Ctrl Pts',(-2.4013605035161,9.59638377482699,4.43316281526215));
#2366=CARTESIAN_POINT('Ctrl Pts',(-2.1478859681327,9.44181921527379,4.58864836031051));
#2367=CARTESIAN_POINT('Ctrl Pts',(-1.8944004715631,9.28720399842287,4.74414090429066));
#2368=CARTESIAN_POINT('Ctrl Pts',(-2.12897174127278,10.875499495839,4.56225268467704));
#2369=CARTESIAN_POINT('Ctrl Pts',(-1.85878122783719,10.720886187543,4.68647130251724));
#2370=CARTESIAN_POINT('Ctrl Pts',(-1.58859587288312,10.5663235310153,4.81066813007072));
#2371=CARTESIAN_POINT('Ctrl Pts',(-1.31840535944753,10.4117102227193,4.93488674791092));
#2372=CARTESIAN_POINT('Ctrl Pts',(-1.56996227983703,12.,4.74712738820952));
#2373=CARTESIAN_POINT('Ctrl Pts',(-1.2890249258978,11.8453821612119,4.83811441036773));
#2374=CARTESIAN_POINT('Ctrl Pts',(-1.00808757195857,11.6907643224237,4.92910143252595));
#2375=CARTESIAN_POINT('Ctrl Pts',(-0.727150218019338,11.5361464836356,5.02008845468416));
#2376=CARTESIAN_POINT('',(-1.56996227983703,12.,4.74712738820952));
#2377=CARTESIAN_POINT('Ctrl Pts',(-1.56996227983703,12.,4.74712738820952));
#2378=CARTESIAN_POINT('Ctrl Pts',(-1.2890249258978,11.8453821612119,4.83811441036773));
#2379=CARTESIAN_POINT('Ctrl Pts',(-1.00808757195857,11.6907643224237,4.92910143252595));
#2380=CARTESIAN_POINT('Ctrl Pts',(-0.727150218019338,11.5361464836356,5.02008845468416));
#2381=CARTESIAN_POINT('Ctrl Pts',(-2.25595736796496,12.,6.86524973470035));
#2382=CARTESIAN_POINT('Ctrl Pts',(-2.00359111389037,11.7906846595753,6.94698345088121));
#2383=CARTESIAN_POINT('Ctrl Pts',(-1.74659925167681,11.582673061069,7.03021526015768));
#2384=CARTESIAN_POINT('Ctrl Pts',(-1.49423299760223,11.3733577206443,7.11194897633854));
#2385=CARTESIAN_POINT('Ctrl Pts',(-3.62794754422083,12.,11.101494427682));
#2386=CARTESIAN_POINT('Ctrl Pts',(-3.43319073495123,11.7324629351222,11.1645702055094));
#2387=CARTESIAN_POINT('Ctrl Pts',(-3.23879846304007,11.4646406136932,11.2275279208283));
#2388=CARTESIAN_POINT('Ctrl Pts',(-3.04404165377047,11.1971035488153,11.2906036986557));
#2389=CARTESIAN_POINT('Ctrl Pts',(-6.02893035266862,12.,18.5149226403999));
#2390=CARTESIAN_POINT('Ctrl Pts',(-5.89477342408058,11.6962681757462,18.5583719690953));
#2391=CARTESIAN_POINT('Ctrl Pts',(-5.75897746945912,11.3930467348342,18.6023521282265));
#2392=CARTESIAN_POINT('Ctrl Pts',(-5.62482054087109,11.0893149105804,18.6458014569219));
#2393=CARTESIAN_POINT('Ctrl Pts',(-7.74391807298845,12.,23.810228506627));
#2394=CARTESIAN_POINT('Ctrl Pts',(-7.63203421214437,11.6879100969882,23.8464642694511));
#2395=CARTESIAN_POINT('Ctrl Pts',(-7.52056972042014,11.3755604421808,23.8825642114352));
#2396=CARTESIAN_POINT('Ctrl Pts',(-7.40868585957605,11.0634705391689,23.9187999742592));
#2397=CARTESIAN_POINT('Ctrl Pts',(-8.77291070518036,12.,26.9874120263633));
#2398=CARTESIAN_POINT('Ctrl Pts',(-8.67181820075379,11.6840578241386,27.0201527986789));
#2399=CARTESIAN_POINT('Ctrl Pts',(-8.57072569632722,11.3681156482772,27.0528935709946));
#2400=CARTESIAN_POINT('Ctrl Pts',(-8.46963319190065,11.0521734724157,27.0856343433102));
#2401=CARTESIAN_POINT('Ctrl Pts',(-0.0290229155815575,0.0937682760170522,
28.2985646641176));
#2402=CARTESIAN_POINT('Ctrl Pts',(0.0880149430923327,-0.253283673096006,
28.2667183538875));
#2403=CARTESIAN_POINT('Ctrl Pts',(0.205401506234414,-0.600225760673418,
28.2345091954518));
#2404=CARTESIAN_POINT('Ctrl Pts',(0.32315219666662,-0.947051937731828,28.2019231041511));
#2405=CARTESIAN_POINT('Ctrl Pts',(-0.0196083212086044,0.0666394468310612,
28.9444265027604));
#2406=CARTESIAN_POINT('Ctrl Pts',(0.0951807829841391,-0.281646609777476,
28.9155383892355));
#2407=CARTESIAN_POINT('Ctrl Pts',(0.210314696838281,-0.629836171143902,
28.8862531360524));
#2408=CARTESIAN_POINT('Ctrl Pts',(0.325732431043019,-0.977958705676235,
28.8566177416595));
#2409=CARTESIAN_POINT('Ctrl Pts',(0.302682623157902,0.114892671820427,30.2325790345702));
#2410=CARTESIAN_POINT('Ctrl Pts',(0.415809890362544,-0.23478840011082,30.2107868251523));
#2411=CARTESIAN_POINT('Ctrl Pts',(0.529201529370319,-0.584423926927856,
30.1885722543058));
#2412=CARTESIAN_POINT('Ctrl Pts',(0.642838438901666,-0.934038917774352,
30.1661019792123));
#2413=CARTESIAN_POINT('Ctrl Pts',(1.7951022867521,0.536386122744775,31.9765902524594));
#2414=CARTESIAN_POINT('Ctrl Pts',(1.91460495984153,0.188326130829225,31.9641568080702));
#2415=CARTESIAN_POINT('Ctrl Pts',(2.0343800380521,-0.159704495613431,31.9514886092477));
#2416=CARTESIAN_POINT('Ctrl Pts',(2.15441620342214,-0.507710325456129,31.938522442455));
#2417=CARTESIAN_POINT('Ctrl Pts',(3.38649958576828,1.0540003634045,32.383429273845));
#2418=CARTESIAN_POINT('Ctrl Pts',(3.51478883749214,0.709638666984136,32.3695477733652));
#2419=CARTESIAN_POINT('Ctrl Pts',(3.6433776204696,0.365378216409001,32.3550350394164));
#2420=CARTESIAN_POINT('Ctrl Pts',(3.77228741557898,0.0211728520660203,32.3405300373914));
#2421=CARTESIAN_POINT('Ctrl Pts',(4.29629981221071,1.36657485788685,32.2610548109915));
#2422=CARTESIAN_POINT('Ctrl Pts',(4.4280817534199,1.02417114740168,32.2427881823893));
#2423=CARTESIAN_POINT('Ctrl Pts',(4.56014687081812,0.681866213667588,32.2241554964263));
#2424=CARTESIAN_POINT('Ctrl Pts',(4.69250669263848,0.339665179038968,32.2051425676817));
#2425=CARTESIAN_POINT('',(0.320536620520648,-0.939347751103364,28.2026468880506));
#2426=CARTESIAN_POINT('',(4.69250669263848,0.33966517903897,32.2051425676817));
#2427=CARTESIAN_POINT('Ctrl Pts',(0.320536620520648,-0.939347751103364,
28.2026468880506));
#2428=CARTESIAN_POINT('Ctrl Pts',(0.31523972154587,-0.942086126398276,28.7238636490442));
#2429=CARTESIAN_POINT('Ctrl Pts',(0.40634894478043,-0.912317745227154,29.2413761152272));
#2430=CARTESIAN_POINT('Ctrl Pts',(0.773683951441571,-0.799104051977666,
30.2092142908713));
#2431=CARTESIAN_POINT('Ctrl Pts',(1.04598287492408,-0.716933073010079,30.6504215933158));
#2432=CARTESIAN_POINT('Ctrl Pts',(1.73861400266454,-0.513610954238973,31.3983598992291));
#2433=CARTESIAN_POINT('Ctrl Pts',(2.15191562807356,-0.394482763676456,31.6979289196686));
#2434=CARTESIAN_POINT('Ctrl Pts',(2.93455621316382,-0.170085826246982,32.0555481106104));
#2435=CARTESIAN_POINT('Ctrl Pts',(3.27846281212149,-0.0717299490883743,
32.156537270281));
#2436=CARTESIAN_POINT('Ctrl Pts',(3.98324299882092,0.131457352145362,32.2575224744358));
#2437=CARTESIAN_POINT('Ctrl Pts',(4.34077388439493,0.235347347639828,32.2568706622759));
#2438=CARTESIAN_POINT('Ctrl Pts',(4.69250669263848,0.33966517903897,32.2051425676817));
#2439=CARTESIAN_POINT('',(4.33160079894758,1.27487370879151,32.2561538277433));
#2440=CARTESIAN_POINT('Ctrl Pts',(4.69250669263848,0.339665179038968,32.2051425676817));
#2441=CARTESIAN_POINT('Ctrl Pts',(4.57196319616783,0.651316469005147,32.2224581312531));
#2442=CARTESIAN_POINT('Ctrl Pts',(4.45166413384294,0.9630539351098,32.2394583133353));
#2443=CARTESIAN_POINT('Ctrl Pts',(4.33160079752022,1.27487370805248,32.2561538292461));
#2444=CARTESIAN_POINT('',(-2.46936676822762E-12,0.00773019609475197,28.2906619556443));
#2445=CARTESIAN_POINT('Ctrl Pts',(4.33160079894758,1.27487370879151,32.2561538277433));
#2446=CARTESIAN_POINT('Ctrl Pts',(3.83598552737844,1.12811408816639,32.3234010368897));
#2447=CARTESIAN_POINT('Ctrl Pts',(3.33132754879095,0.98277841238107,32.2892443583684));
#2448=CARTESIAN_POINT('Ctrl Pts',(2.36373011499822,0.705216421408601,32.021678128406));
#2449=CARTESIAN_POINT('Ctrl Pts',(1.90996985439067,0.575519981269676,31.7911719796424));
#2450=CARTESIAN_POINT('Ctrl Pts',(1.11454447605805,0.345069439707455,31.1623574434362));
#2451=CARTESIAN_POINT('Ctrl Pts',(0.780505395690017,0.246469752740396,30.7704903525732));
#2452=CARTESIAN_POINT('Ctrl Pts',(0.355632525398458,0.118235527875634,30.0165072334601));
#2453=CARTESIAN_POINT('Ctrl Pts',(0.22322963183768,0.0773000517439152,29.6875185501099));
#2454=CARTESIAN_POINT('Ctrl Pts',(0.0449527609014137,0.0215727848944053,
29.0010853009514));
#2455=CARTESIAN_POINT('Ctrl Pts',(-5.33434351318962E-15,0.00708415415543634,
28.6466310603547));
#2456=CARTESIAN_POINT('Ctrl Pts',(-4.97865637605344E-15,0.00773019608776255,
28.290661955643));
#2457=CARTESIAN_POINT('Ctrl Pts',(-1.32051886266027E-9,0.00773019543156436,
28.2906619569779));
#2458=CARTESIAN_POINT('Ctrl Pts',(0.10655187600483,-0.30805535415865,28.2616285476101));
#2459=CARTESIAN_POINT('Ctrl Pts',(0.213393543108774,-0.623749522233607,
28.2322937287259));
#2460=CARTESIAN_POINT('Ctrl Pts',(0.320536620508642,-0.939347751111432,
28.2026468880632));
#2461=CARTESIAN_POINT('Ctrl Pts',(-9.18485099360515E-16,0.05,5.));
#2462=CARTESIAN_POINT('Ctrl Pts',(0.295302650129675,-0.104620106038831,
4.99971938274766));
#2463=CARTESIAN_POINT('Ctrl Pts',(0.59060530025935,-0.259240212077662,4.99943876549532));
#2464=CARTESIAN_POINT('Ctrl Pts',(0.885907950389025,-0.413860318116492,
4.99915814824298));
#2465=CARTESIAN_POINT('Ctrl Pts',(-1.52968869827391E-15,0.0439614565835517,
8.32723742246302));
#2466=CARTESIAN_POINT('Ctrl Pts',(0.248488362819795,-0.191003194155154,
8.32681098934008));
#2467=CARTESIAN_POINT('Ctrl Pts',(0.510042415992198,-0.428205887429353,
8.32638049443396));
#2468=CARTESIAN_POINT('Ctrl Pts',(0.758530778811994,-0.663170538168059,
8.32595406131102));
#2469=CARTESIAN_POINT('Ctrl Pts',(-2.95583042907183E-15,0.0298715219451723,
16.0907914082101));
#2470=CARTESIAN_POINT('Ctrl Pts',(0.153325083666591,-0.271085089332225,
16.0902452074636));
#2471=CARTESIAN_POINT('Ctrl Pts',(0.303476758650178,-0.570081154533445,
16.0897025648771));
#2472=CARTESIAN_POINT('Ctrl Pts',(0.456801842316772,-0.871037765810842,
16.0891563641307));
#2473=CARTESIAN_POINT('Ctrl Pts',(-4.38197215986975E-15,0.0157815873067929,
23.8543453939571));
#2474=CARTESIAN_POINT('Ctrl Pts',(0.12300261620517,-0.294118440897122,23.853782961964));
#2475=CARTESIAN_POINT('Ctrl Pts',(0.241510455337437,-0.606717405729784,
23.8532156317193));
#2476=CARTESIAN_POINT('Ctrl Pts',(0.364513071542611,-0.916617433933699,
23.8526531997262));
#2477=CARTESIAN_POINT('Ctrl Pts',(-5.19691029175427E-15,0.00773019608486181,
28.2906619572411));
#2478=CARTESIAN_POINT('Ctrl Pts',(0.106553968610752,-0.308113173807573,
28.290088738784));
#2479=CARTESIAN_POINT('Ctrl Pts',(0.213107937221509,-0.623956543700008,
28.2895155203268));
#2480=CARTESIAN_POINT('Ctrl Pts',(0.319661905832266,-0.939799913592442,
28.2889423018697));
#2481=CARTESIAN_POINT('',(-9.18485099360515E-16,0.05,5.));
#2482=CARTESIAN_POINT('',(-9.18485099360515E-16,0.05,5.));
#2483=CARTESIAN_POINT('',(0.885907950389025,-0.413860318116492,4.99915814824298));
#2484=CARTESIAN_POINT('',(-9.18485099360515E-16,0.05,5.));
#2485=CARTESIAN_POINT('Ctrl Pts',(0.885907950389025,-0.413860318116492,
4.99915814824298));
#2486=CARTESIAN_POINT('Ctrl Pts',(0.758530778811994,-0.663170538168059,
8.32595406131102));
#2487=CARTESIAN_POINT('Ctrl Pts',(0.457919800463487,-0.870267581607505,
16.0603923504439));
#2488=CARTESIAN_POINT('Ctrl Pts',(0.365199838671599,-0.916277444816089,
23.7951229938059));
#2489=CARTESIAN_POINT('Ctrl Pts',(0.320535369045581,-0.939348589455339,
28.2026468865291));
#2490=CARTESIAN_POINT('Ctrl Pts',(-9.18485099360515E-16,0.05,5.));
#2491=CARTESIAN_POINT('Ctrl Pts',(-2.60543606518599E-15,0.0333333333333334,
14.1833333333333));
#2492=CARTESIAN_POINT('Ctrl Pts',(-4.29238703101147E-15,0.0166666666666667,
23.3666666666667));
#2493=CARTESIAN_POINT('Ctrl Pts',(-5.97933799683695E-15,6.12323399573664E-18,
32.55));
#2494=CARTESIAN_POINT('Ctrl Pts',(0.926354394287335,1.81920657086874,5.));
#2495=CARTESIAN_POINT('Ctrl Pts',(2.63616946458003,1.80500741685321,14.1833333333333));
#2496=CARTESIAN_POINT('Ctrl Pts',(4.34598453487272,1.79080826283769,23.3666666666667));
#2497=CARTESIAN_POINT('Ctrl Pts',(6.05579960516541,1.77660910882216,32.55));
#2498=CARTESIAN_POINT('Ctrl Pts',(1.84672676348512,3.58841314173748,4.7266180494836));
#2499=CARTESIAN_POINT('Ctrl Pts',(5.26513416011254,3.57668150037309,13.4235772618254));
#2500=CARTESIAN_POINT('Ctrl Pts',(8.68354155673998,3.56494985900871,22.1205364741673));
#2501=CARTESIAN_POINT('Ctrl Pts',(12.1019489533674,3.55321821764433,30.8174956865092));
#2502=CARTESIAN_POINT('Ctrl Pts',(3.12015580537127,6.44724597090976,3.94147661577063));
#2503=CARTESIAN_POINT('Ctrl Pts',(8.88090449587325,6.43950154409095,11.1726622447332));
#2504=CARTESIAN_POINT('Ctrl Pts',(14.6416531863752,6.43175711727213,18.4038478736958));
#2505=CARTESIAN_POINT('Ctrl Pts',(20.4024018768772,6.42401269045332,25.6350335026583));
#2506=CARTESIAN_POINT('Ctrl Pts',(3.55533109839652,7.53687222921331,3.56161786406732));
#2507=CARTESIAN_POINT('Ctrl Pts',(10.1085238963828,7.53064750428892,10.0758333263995));
#2508=CARTESIAN_POINT('Ctrl Pts',(16.661716694369,7.52442277936454,16.5900487887317));
#2509=CARTESIAN_POINT('Ctrl Pts',(23.2149094923553,7.51819805444015,23.1042642510639));
#2510=CARTESIAN_POINT('Ctrl Pts',(4.13285608725454,9.30711200274602,2.83663515469712));
#2511=CARTESIAN_POINT('Ctrl Pts',(11.7472065016152,9.30335623148067,8.00911976201002));
#2512=CARTESIAN_POINT('Ctrl Pts',(19.3615569159758,9.29960046021533,13.1816043693229));
#2513=CARTESIAN_POINT('Ctrl Pts',(26.9759073303364,9.29584468894998,18.3540889766358));
#2514=CARTESIAN_POINT('Ctrl Pts',(4.32475942472245,9.98772551797517,2.53395805783172));
#2515=CARTESIAN_POINT('Ctrl Pts',(12.2924409773523,9.98491899847444,7.14743810937873));
#2516=CARTESIAN_POINT('Ctrl Pts',(20.2601225299821,9.98211247897371,11.7609181609258));
#2517=CARTESIAN_POINT('Ctrl Pts',(28.227804082612,9.97930595947298,16.3743982124728));
#2518=CARTESIAN_POINT('Ctrl Pts',(4.5856354230573,11.1122260221362,2.00612756492916));
#2519=CARTESIAN_POINT('Ctrl Pts',(13.0292654170787,11.1109878436455,5.642615652131));
#2520=CARTESIAN_POINT('Ctrl Pts',(21.4728954111001,11.1097496651547,9.27910373933281));
#2521=CARTESIAN_POINT('Ctrl Pts',(29.9165254051215,11.108511486664,12.9155918265346));
#2522=CARTESIAN_POINT('Ctrl Pts',(4.6741496748363,11.5561130110681,1.79062649982));
#2523=CARTESIAN_POINT('Ctrl Pts',(13.2785586122638,11.5554939218227,5.02825632039611));
#2524=CARTESIAN_POINT('Ctrl Pts',(21.8829675496914,11.5548748325774,8.26588614097225));
#2525=CARTESIAN_POINT('Ctrl Pts',(30.4873764871189,11.554255743332,11.5035159615484));
#2526=CARTESIAN_POINT('Ctrl Pts',(4.74712738820952,12.,1.56996227983703));
#2527=CARTESIAN_POINT('Ctrl Pts',(13.4837147939421,12.,4.39947590885953));
#2528=CARTESIAN_POINT('Ctrl Pts',(22.2203021996747,12.,7.22898953788204));
#2529=CARTESIAN_POINT('Ctrl Pts',(30.9568896054072,12.,10.0585031669045));
#2530=CARTESIAN_POINT('',(17.2387361427436,5.32982732646649,27.6102965612626));
#2531=CARTESIAN_POINT('Ctrl Pts',(4.33160079894758,1.27487370879151,32.2561538277433));
#2532=CARTESIAN_POINT('Ctrl Pts',(8.89620090230946,2.62652491468317,31.6368092767801));
#2533=CARTESIAN_POINT('Ctrl Pts',(13.3306482215169,3.97817612057483,30.0503462850019));
#2534=CARTESIAN_POINT('Ctrl Pts',(17.2387361427436,5.32982732646649,27.6102965612626));
#2535=CARTESIAN_POINT('',(29.2499170574862,10.662767229996,14.2809261649998));
#2536=CARTESIAN_POINT('Ctrl Pts',(17.2387361427436,5.32982732646649,27.6102965612626));
#2537=CARTESIAN_POINT('Ctrl Pts',(22.3785231752673,7.10747396097632,24.4012244570577));
#2538=CARTESIAN_POINT('Ctrl Pts',(26.5914552422561,8.88512059548615,19.7259362923227));
#2539=CARTESIAN_POINT('Ctrl Pts',(29.2499170574862,10.662767229996,14.2809261649998));
#2540=CARTESIAN_POINT('',(29.3446762755021,10.7265680102384,14.0851838580597));
#2541=CARTESIAN_POINT('Ctrl Pts',(29.2499170574862,10.662767229996,14.2809261649998));
#2542=CARTESIAN_POINT('Ctrl Pts',(29.2817216420352,10.6840341567435,14.2157846294049));
#2543=CARTESIAN_POINT('Ctrl Pts',(29.3133082500744,10.7053010834909,14.1505366940006));
#2544=CARTESIAN_POINT('Ctrl Pts',(29.3446762755022,10.7265680102384,14.0851838580597));
#2545=CARTESIAN_POINT('',(26.9071372941302,12.,8.74691217298796));
#2546=CARTESIAN_POINT('Ctrl Pts',(26.9071372941302,12.,8.74691217298796));
#2547=CARTESIAN_POINT('Ctrl Pts',(27.4029911937227,12.,8.90750409541073));
#2548=CARTESIAN_POINT('Ctrl Pts',(27.8645164836098,11.9676560414709,9.15831527669928));
#2549=CARTESIAN_POINT('Ctrl Pts',(28.6648230218363,11.849801961064,9.81409257779354));
#2550=CARTESIAN_POINT('Ctrl Pts',(28.9961939187337,11.7656012931631,10.2124507415354));
#2551=CARTESIAN_POINT('Ctrl Pts',(29.4842404546692,11.5588630159065,11.1067573310841));
#2552=CARTESIAN_POINT('Ctrl Pts',(29.6363521616339,11.4383713145814,11.5937862517326));
#2553=CARTESIAN_POINT('Ctrl Pts',(29.7240915828649,11.2160824701746,12.4347967887292));
#2554=CARTESIAN_POINT('Ctrl Pts',(29.7126485345843,11.1213981797472,12.7782353098787));
#2555=CARTESIAN_POINT('Ctrl Pts',(29.5965345018632,10.9262459148113,13.4512028816056));
#2556=CARTESIAN_POINT('Ctrl Pts',(29.4922377814241,10.8266119146409,13.7777509624217));
#2557=CARTESIAN_POINT('Ctrl Pts',(29.3446762755022,10.7265680102384,14.0851838580597));
#2558=CARTESIAN_POINT('',(4.74712738820952,12.,1.56996227983703));
#2559=CARTESIAN_POINT('',(4.74712738820952,12.,1.56996227983703));
#2560=CARTESIAN_POINT('',(3.91081197849806,8.62649848751686,3.11537311871886));
#2561=CARTESIAN_POINT('Ctrl Pts',(3.91081197849806,8.62649848751686,3.11537311871886));
#2562=CARTESIAN_POINT('Ctrl Pts',(4.27767027128201,9.75099899167791,2.6548460000857));
#2563=CARTESIAN_POINT('Ctrl Pts',(4.56225268467704,10.875499495839,2.12897174127278));
#2564=CARTESIAN_POINT('Ctrl Pts',(4.74712738820952,12.,1.56996227983703));
#2565=CARTESIAN_POINT('Ctrl Pts',(-9.18485099360515E-16,0.05,5.));
#2566=CARTESIAN_POINT('Ctrl Pts',(1.49688136899483,2.90883282917229,5.));
#2567=CARTESIAN_POINT('Ctrl Pts',(2.97814318272254,5.76766565834457,4.28617743636997));
#2568=CARTESIAN_POINT('Ctrl Pts',(3.91081197849806,8.62649848751686,3.11537311871886));
#2569=CARTESIAN_POINT('Ctrl Pts',(29.3446762755022,10.7265680102384,14.0851838580597));
#2570=CARTESIAN_POINT('Ctrl Pts',(29.4018095771873,10.3858072631999,13.9657965269936));
#2571=CARTESIAN_POINT('Ctrl Pts',(29.4585114072525,10.0449489477087,13.8465649886495));
#2572=CARTESIAN_POINT('Ctrl Pts',(29.5147975206638,9.70399771373152,13.7274831931165));
#2573=CARTESIAN_POINT('Ctrl Pts',(29.6096809996411,10.9349973298065,13.5330940421548));
#2574=CARTESIAN_POINT('Ctrl Pts',(29.6633786057767,10.5929423524364,13.41503907248));
#2575=CARTESIAN_POINT('Ctrl Pts',(29.716725705649,10.2508163506316,13.2971563336787));
#2576=CARTESIAN_POINT('Ctrl Pts',(29.7696419027364,9.90859932586382,13.1794547097031));
#2577=CARTESIAN_POINT('Ctrl Pts',(29.8490369407872,11.3508377848607,12.2931897117895));
#2578=CARTESIAN_POINT('Ctrl Pts',(29.8980848267006,11.0059465662139,12.1801464916768));
#2579=CARTESIAN_POINT('Ctrl Pts',(29.9468473544709,10.6610414692076,12.0672200138399));
#2580=CARTESIAN_POINT('Ctrl Pts',(29.9952265524879,10.3160587523659,11.9545383656053));
#2581=CARTESIAN_POINT('Ctrl Pts',(29.1671429304697,11.9142335804505,10.1319912054304));
#2582=CARTESIAN_POINT('Ctrl Pts',(29.2182879694223,11.5660323015677,10.0296503825569));
#2583=CARTESIAN_POINT('Ctrl Pts',(29.2690877839666,11.2178112554311,9.92745611318873));
#2584=CARTESIAN_POINT('Ctrl Pts',(29.3195433141155,10.8695775471835,9.82537169664814));
#2585=CARTESIAN_POINT('Ctrl Pts',(27.8240874197556,12.0460630560112,9.06013604991485));
#2586=CARTESIAN_POINT('Ctrl Pts',(27.8843019177245,11.6987833670356,8.96077664623206));
#2587=CARTESIAN_POINT('Ctrl Pts',(27.9442146075395,11.3515504100416,8.86131411503768));
#2588=CARTESIAN_POINT('Ctrl Pts',(28.0035798604608,11.0041491090759,8.76225834577761));
#2589=CARTESIAN_POINT('Ctrl Pts',(26.9058561188137,12.0067587566238,8.7488938415149));
#2590=CARTESIAN_POINT('Ctrl Pts',(26.9713347790645,11.6613465039528,8.6476172799234));
#2591=CARTESIAN_POINT('Ctrl Pts',(27.0363650219731,11.3158257762407,8.54655935397466));
#2592=CARTESIAN_POINT('Ctrl Pts',(27.1009636182686,10.970202106868,8.44571041969511));
#2593=CARTESIAN_POINT('',(29.5004604678176,9.79078745727647,13.7577996171949));
#2594=CARTESIAN_POINT('',(27.0856343418773,11.0521734724209,8.46963319142057));
#2595=CARTESIAN_POINT('Ctrl Pts',(29.5004604678176,9.79078745727647,13.7577996171949));
#2596=CARTESIAN_POINT('Ctrl Pts',(29.7118501844386,9.93750576011763,13.3045509227213));
#2597=CARTESIAN_POINT('Ctrl Pts',(29.8291069882878,10.0827285326434,12.8125386434526));
#2598=CARTESIAN_POINT('Ctrl Pts',(29.8610066312696,10.3599244983761,11.8090703199411));
#2599=CARTESIAN_POINT('Ctrl Pts',(29.775673200284,10.4893685202109,11.3072465414961));
#2600=CARTESIAN_POINT('Ctrl Pts',(29.4114909915856,10.7191198765757,10.3606845667291));
#2601=CARTESIAN_POINT('Ctrl Pts',(29.1365021595047,10.8172771142162,9.92514440220122));
#2602=CARTESIAN_POINT('Ctrl Pts',(28.552870984787,10.9423450641304,9.30591282603364));
#2603=CARTESIAN_POINT('Ctrl Pts',(28.290924650483,10.9815690176788,9.08972721734658));
#2604=CARTESIAN_POINT('Ctrl Pts',(27.7178406790378,11.0360403658829,8.72496061918906));
#2605=CARTESIAN_POINT('Ctrl Pts',(27.4089585685427,11.0510200760172,8.57795271046774));
#2606=CARTESIAN_POINT('Ctrl Pts',(27.0856343418773,11.0521734724209,8.46963319142058));
#2607=CARTESIAN_POINT('Ctrl Pts',(27.0856343432601,11.052173472964,8.46963319071857));
#2608=CARTESIAN_POINT('Ctrl Pts',(27.0265016365986,11.3682035006783,8.56188167166379));
#2609=CARTESIAN_POINT('Ctrl Pts',(26.9670068945433,11.6841470866386,8.65430554114735));
#2610=CARTESIAN_POINT('Ctrl Pts',(26.9071372941413,12.0000000000042,8.74691217298227));
#2611=CARTESIAN_POINT('Ctrl Pts',(29.3446762755022,10.7265680102384,14.0851838580597));
#2612=CARTESIAN_POINT('Ctrl Pts',(29.3969616703396,10.4147216845665,13.9759268475375));
#2613=CARTESIAN_POINT('Ctrl Pts',(29.4488857099222,10.102793645819,13.8668003126159));
#2614=CARTESIAN_POINT('Ctrl Pts',(29.5004604693485,9.79078745787575,13.7577996164541));
#2615=CARTESIAN_POINT('Ctrl Pts',(29.2499170574862,10.662767229996,14.2809261649998));
#2616=CARTESIAN_POINT('Ctrl Pts',(29.2909572875241,10.3429143740327,14.1965403773239));
#2617=CARTESIAN_POINT('Ctrl Pts',(29.331997517562,10.0230615180694,14.112154589648));
#2618=CARTESIAN_POINT('Ctrl Pts',(29.3730377475999,9.70320866210616,14.0277688019721));
#2619=CARTESIAN_POINT('Ctrl Pts',(29.2935749235569,10.6919601483391,14.1915069672027));
#2620=CARTESIAN_POINT('Ctrl Pts',(29.3343582653992,10.3721072987712,14.1069962201388));
#2621=CARTESIAN_POINT('Ctrl Pts',(29.3751416072481,10.052254449208,14.0224854730665));
#2622=CARTESIAN_POINT('Ctrl Pts',(29.4159249490905,9.73240159964002,13.9379747260027));
#2623=CARTESIAN_POINT('Ctrl Pts',(29.3368220607399,10.7211530666823,14.1018872823191));
#2624=CARTESIAN_POINT('Ctrl Pts',(29.3773479404933,10.4013002213642,14.0172527554987));
#2625=CARTESIAN_POINT('Ctrl Pts',(29.4178738202532,10.0814473760508,13.93261822867));
#2626=CARTESIAN_POINT('Ctrl Pts',(29.4583997000066,9.76159453073272,13.8479837018496));
#2627=CARTESIAN_POINT('Ctrl Pts',(29.3796569013322,10.7503459850255,14.0120709882703));
#2628=CARTESIAN_POINT('Ctrl Pts',(29.4199247568273,10.4304931424425,13.9273138645785));
#2629=CARTESIAN_POINT('Ctrl Pts',(29.4601926123225,10.1106402998595,13.8425567408867));
#2630=CARTESIAN_POINT('Ctrl Pts',(29.5004604678176,9.79078745727647,13.7577996171949));
#2631=CARTESIAN_POINT('',(29.3730377475999,9.70320866210616,14.0277688019721));
#2632=CARTESIAN_POINT('',(29.2499170574862,10.662767229996,14.2809261649998));
#2633=CARTESIAN_POINT('Ctrl Pts',(29.3730377475999,9.70320866210616,14.0277688019721));
#2634=CARTESIAN_POINT('Ctrl Pts',(29.4159249490905,9.73240159964002,13.9379747260027));
#2635=CARTESIAN_POINT('Ctrl Pts',(29.4583997000066,9.76159453073272,13.8479837018496));
#2636=CARTESIAN_POINT('Ctrl Pts',(29.5004604678176,9.79078745727647,13.7577996171949));
#2637=CARTESIAN_POINT('Ctrl Pts',(17.2387361427436,5.32982732646649,27.6102965612626));
#2638=CARTESIAN_POINT('Ctrl Pts',(17.3181413683882,5.00997462719272,27.560294841105));
#2639=CARTESIAN_POINT('Ctrl Pts',(17.3975465940329,4.69012192791895,27.5102931209475));
#2640=CARTESIAN_POINT('Ctrl Pts',(17.4769518196776,4.37026922864518,27.46029140079));
#2641=CARTESIAN_POINT('Ctrl Pts',(22.3785231752673,7.10747396097632,24.4012244570577));
#2642=CARTESIAN_POINT('Ctrl Pts',(22.4487011121238,6.78762614827004,24.3364827632708));
#2643=CARTESIAN_POINT('Ctrl Pts',(22.5189870027657,6.46784304588964,24.2716645249486));
#2644=CARTESIAN_POINT('Ctrl Pts',(22.5891649396222,6.14799523318335,24.2069228311618));
#2645=CARTESIAN_POINT('Ctrl Pts',(26.5914552422561,8.88512059548615,19.7259362923227));
#2646=CARTESIAN_POINT('Ctrl Pts',(26.648155522943,8.56527339156405,19.6491121329447));
#2647=CARTESIAN_POINT('Ctrl Pts',(26.7049273853669,8.24549084150472,19.5721769229564));
#2648=CARTESIAN_POINT('Ctrl Pts',(26.7616276660537,7.92564363758262,19.4953527635784));
#2649=CARTESIAN_POINT('Ctrl Pts',(29.2499170574862,10.662767229996,14.2809261649998));
#2650=CARTESIAN_POINT('Ctrl Pts',(29.2909572875241,10.3429143740327,14.1965403773239));
#2651=CARTESIAN_POINT('Ctrl Pts',(29.331997517562,10.0230615180694,14.112154589648));
#2652=CARTESIAN_POINT('Ctrl Pts',(29.3730377475999,9.70320866210616,14.0277688019721));
#2653=CARTESIAN_POINT('',(17.4769518196776,4.37026922864518,27.46029140079));
#2654=CARTESIAN_POINT('',(17.2387361427436,5.32982732646649,27.6102965612626));
#2655=CARTESIAN_POINT('Ctrl Pts',(17.4769518196776,4.37026922864518,27.46029140079));
#2656=CARTESIAN_POINT('Ctrl Pts',(22.5891649396222,6.14799523318335,24.2069228311618));
#2657=CARTESIAN_POINT('Ctrl Pts',(26.7616276660537,7.92564363758262,19.4953527635784));
#2658=CARTESIAN_POINT('Ctrl Pts',(29.3730377475999,9.70320866210616,14.0277688019721));
#2659=CARTESIAN_POINT('Ctrl Pts',(4.33160079894758,1.27487370879151,32.2561538277433));
#2660=CARTESIAN_POINT('Ctrl Pts',(4.42454682377842,0.9550257324448,32.2431376990496));
#2661=CARTESIAN_POINT('Ctrl Pts',(4.51749284860927,0.635177756098093,32.2301215703558));
#2662=CARTESIAN_POINT('Ctrl Pts',(4.61043887344011,0.315329779751385,32.2171054416621));
#2663=CARTESIAN_POINT('Ctrl Pts',(8.89620090230946,2.62652491468317,31.6368092767801));
#2664=CARTESIAN_POINT('Ctrl Pts',(8.98728451751144,2.30666576094387,31.6106977505863));
#2665=CARTESIAN_POINT('Ctrl Pts',(9.07841093035084,1.98682838359137,31.5845694266841));
#2666=CARTESIAN_POINT('Ctrl Pts',(9.16949454555282,1.66696922985207,31.5584579004903));
#2667=CARTESIAN_POINT('Ctrl Pts',(13.3306482215169,3.97817612057483,30.0503462850019));
#2668=CARTESIAN_POINT('Ctrl Pts',(13.4171485123643,3.65833717859221,30.0115079710529));
#2669=CARTESIAN_POINT('Ctrl Pts',(13.5036854004004,3.33851964372689,29.9726385618551));
#2670=CARTESIAN_POINT('Ctrl Pts',(13.5901856912478,3.01868070174427,29.9338002479061));
#2671=CARTESIAN_POINT('Ctrl Pts',(17.2387361427436,5.32982732646649,27.6102965612626));
#2672=CARTESIAN_POINT('Ctrl Pts',(17.3181413683882,5.00997462719272,27.560294841105));
#2673=CARTESIAN_POINT('Ctrl Pts',(17.3975465940329,4.69012192791895,27.5102931209475));
#2674=CARTESIAN_POINT('Ctrl Pts',(17.4769518196776,4.37026922864518,27.46029140079));
#2675=CARTESIAN_POINT('Ctrl Pts',(4.692506713898,0.339665189848245,32.2051425603454));
#2676=CARTESIAN_POINT('Ctrl Pts',(9.22253645621781,1.68319369146597,31.5389267135901));
#2677=CARTESIAN_POINT('Ctrl Pts',(13.6135119359293,3.02679219691671,29.9189556005353));
#2678=CARTESIAN_POINT('Ctrl Pts',(17.4769518196776,4.37026922864518,27.46029140079));
#2679=CARTESIAN_POINT('Ctrl Pts',(-9.18485099360515E-16,0.05,5.));
#2680=CARTESIAN_POINT('Ctrl Pts',(0.295302650129675,-0.104620106038831,
4.99971938274766));
#2681=CARTESIAN_POINT('Ctrl Pts',(0.59060530025935,-0.259240212077662,4.99943876549532));
#2682=CARTESIAN_POINT('Ctrl Pts',(0.885907950389025,-0.413860318116492,
4.99915814824298));
#2683=CARTESIAN_POINT('Ctrl Pts',(1.49688136899483,2.90883282917229,5.));
#2684=CARTESIAN_POINT('Ctrl Pts',(1.7927240097458,2.75437489978712,4.91073159051677));
#2685=CARTESIAN_POINT('Ctrl Pts',(2.08801649590111,2.60195698927053,4.82210161563344));
#2686=CARTESIAN_POINT('Ctrl Pts',(2.38385913665208,2.44749905988537,4.73283320615021));
#2687=CARTESIAN_POINT('Ctrl Pts',(2.97814318272254,5.76766565834457,4.28617743636997));
#2688=CARTESIAN_POINT('Ctrl Pts',(3.2313163938586,5.61322129316741,4.10896230290787));
#2689=CARTESIAN_POINT('Ctrl Pts',(3.48364134227429,5.46081575130378,3.93180091640337));
#2690=CARTESIAN_POINT('Ctrl Pts',(3.73681455341035,5.30637138612662,3.75458578294128));
#2691=CARTESIAN_POINT('Ctrl Pts',(3.91081197849806,8.62649848751686,3.11537311871886));
#2692=CARTESIAN_POINT('Ctrl Pts',(4.09371532781413,8.47187967966951,2.88353157761818));
#2693=CARTESIAN_POINT('Ctrl Pts',(4.27661867713021,8.31726087182216,2.6516900365175));
#2694=CARTESIAN_POINT('Ctrl Pts',(4.45952202644628,8.16264206397481,2.41984849541683));
#2695=CARTESIAN_POINT('',(4.45952202644628,8.16264206397481,2.41984849541683));
#2696=CARTESIAN_POINT('',(3.91081197849806,8.62649848751686,3.11537311871886));
#2697=CARTESIAN_POINT('Ctrl Pts',(0.885907950389025,-0.413860318116492,
4.99915814824298));
#2698=CARTESIAN_POINT('Ctrl Pts',(2.38385913665208,2.44749905988537,4.73283320615021));
#2699=CARTESIAN_POINT('Ctrl Pts',(3.73681455341035,5.30637138612662,3.75458578294128));
#2700=CARTESIAN_POINT('Ctrl Pts',(4.45952202644628,8.16264206397481,2.41984849541683));
#2701=CARTESIAN_POINT('Ctrl Pts',(0.885907950389025,-0.413860318116492,
4.99915814824298));
#2702=CARTESIAN_POINT('Ctrl Pts',(0.785460223502037,-0.610462618072025,
7.62261950436613));
#2703=CARTESIAN_POINT('Ctrl Pts',(0.56908649749542,-0.798706476177468,12.8699141961801));
#2704=CARTESIAN_POINT('Ctrl Pts',(0.382730019961174,-0.91040507368766,22.0530750577696));
#2705=CARTESIAN_POINT('Ctrl Pts',(0.31271832735105,-0.943258201057599,28.6125608484814));
#2706=CARTESIAN_POINT('Ctrl Pts',(0.281508335329765,-0.959557202242985,
32.5482585168743));
#2707=CARTESIAN_POINT('Ctrl Pts',(1.81292440778172,1.35690982329239,4.83434129266168));
#2708=CARTESIAN_POINT('Ctrl Pts',(2.20110299437963,1.16051946216132,7.47787449983432));
#2709=CARTESIAN_POINT('Ctrl Pts',(2.9614380132794,0.973047559409269,12.7640072247214));
#2710=CARTESIAN_POINT('Ctrl Pts',(4.48455193632225,0.86354426682245,21.9826039432945));
#2711=CARTESIAN_POINT('Ctrl Pts',(5.63573029506188,0.83238882386455,28.554623202599));
#2712=CARTESIAN_POINT('Ctrl Pts',(6.33725191220425,0.817130124835268,32.496103362139));
#2713=CARTESIAN_POINT('Ctrl Pts',(2.68516056308627,3.12431815764011,4.39636884229027));
#2714=CARTESIAN_POINT('Ctrl Pts',(3.56596352343353,2.92936577576357,6.91781612940065));
#2715=CARTESIAN_POINT('Ctrl Pts',(5.31537432576776,2.7440292270152,11.9683167827395));
#2716=CARTESIAN_POINT('Ctrl Pts',(8.55692127595796,2.63724089839947,20.7342549488378));
#2717=CARTESIAN_POINT('Ctrl Pts',(10.9326253958173,2.60789772056186,26.9726015304574));
#2718=CARTESIAN_POINT('Ctrl Pts',(12.3681129605522,2.59370459334632,30.7114937424513));
#2719=CARTESIAN_POINT('Ctrl Pts',(3.81756080047927,5.98386652892933,3.38544452353651));
#2720=CARTESIAN_POINT('Ctrl Pts',(5.38375485109141,5.7895762227541,5.51440125982098));
#2721=CARTESIAN_POINT('Ctrl Pts',(8.50565070081316,5.6062270320086,9.78214254613361));
#2722=CARTESIAN_POINT('Ctrl Pts',(14.1192654761078,5.50340971810341,17.1301986410134));
#2723=CARTESIAN_POINT('Ctrl Pts',(18.1791498434053,5.47692116511669,22.3392249404459));
#2724=CARTESIAN_POINT('Ctrl Pts',(20.6234754932392,5.46444622383649,25.4578734857024));
#2725=CARTESIAN_POINT('Ctrl Pts',(4.18410095906161,7.07397458745894,2.92857384858297));
#2726=CARTESIAN_POINT('Ctrl Pts',(5.98427769056901,6.87991411384445,4.86117440977796));
#2727=CARTESIAN_POINT('Ctrl Pts',(9.57604055067774,6.69723950666638,8.73842346120473));
#2728=CARTESIAN_POINT('Ctrl Pts',(15.99639646286,6.59587976608809,15.3856581788246));
#2729=CARTESIAN_POINT('Ctrl Pts',(20.6278326999047,6.57046440594572,20.0887544609618));
#2730=CARTESIAN_POINT('Ctrl Pts',(23.4142019367063,6.55863905192811,22.9028521705055));
#2731=CARTESIAN_POINT('Ctrl Pts',(4.6316525147819,8.84289059638692,2.1019780560161));
#2732=CARTESIAN_POINT('Ctrl Pts',(6.7499993043051,8.65017876394953,3.6630312894877));
#2733=CARTESIAN_POINT('Ctrl Pts',(10.979791342035,8.46945560220414,6.79808504688497));
#2734=CARTESIAN_POINT('Ctrl Pts',(18.4888757817619,8.37069466026329,12.1250222850465));
#2735=CARTESIAN_POINT('Ctrl Pts',(23.8884639539943,8.34706539154543,15.8777197391992));
#2736=CARTESIAN_POINT('Ctrl Pts',(27.1341856740458,8.3362974859319,18.1203797474719));
#2737=CARTESIAN_POINT('Ctrl Pts',(4.76970444531587,9.52390638779021,1.76524192032788));
#2738=CARTESIAN_POINT('Ctrl Pts',(6.99509786451792,9.33133623997428,3.17033324288243));
#2739=CARTESIAN_POINT('Ctrl Pts',(11.4400150977341,9.15099244792117,5.99438307716201));
#2740=CARTESIAN_POINT('Ctrl Pts',(19.3137182376103,9.05311116977523,10.7694866427533));
#2741=CARTESIAN_POINT('Ctrl Pts',(24.9699662510553,9.03014376751232,14.125625519849));
#2742=CARTESIAN_POINT('Ctrl Pts',(28.3690153073081,9.0197784593923,16.1299191652941));
#2743=CARTESIAN_POINT('Ctrl Pts',(4.93637811291,10.6483518631437,1.1915654013254));
#2744=CARTESIAN_POINT('Ctrl Pts',(7.30876136120635,10.4561268723952,2.32291021724682));
#2745=CARTESIAN_POINT('Ctrl Pts',(12.048285959128,10.2767038326564,4.59988536209609));
#2746=CARTESIAN_POINT('Ctrl Pts',(20.4179663407456,10.1804514815785,8.40769806290904));
#2747=CARTESIAN_POINT('Ctrl Pts',(26.4215112896148,10.1586241036866,11.069563555143));
#2748=CARTESIAN_POINT('Ctrl Pts',(30.0278581384075,10.1489397895603,12.6567510201648));
#2749=CARTESIAN_POINT('Ctrl Pts',(4.9864558071829,11.092284854177,0.960543145321638));
#2750=CARTESIAN_POINT('Ctrl Pts',(7.40911844836831,10.9002536943468,1.97958792936847));
#2751=CARTESIAN_POINT('Ctrl Pts',(12.2499827043757,10.7211659624808,4.03251496761524));
#2752=CARTESIAN_POINT('Ctrl Pts',(20.7885125089622,10.6255106393725,7.44470142405521));
#2753=CARTESIAN_POINT('Ctrl Pts',(26.9099551838218,10.604119104333,9.82293249143603));
#2754=CARTESIAN_POINT('Ctrl Pts',(30.5865623898237,10.5946974645202,11.2397332881305));
#2755=CARTESIAN_POINT('Ctrl Pts',(5.02008845468416,11.5361464836356,0.727150218019339));
#2756=CARTESIAN_POINT('Ctrl Pts',(7.48530721227358,11.3443029510976,1.63114302120873));
#2757=CARTESIAN_POINT('Ctrl Pts',(12.4109746571015,11.1655792846644,3.45385700214787));
#2758=CARTESIAN_POINT('Ctrl Pts',(21.0901427778695,11.0705462747184,6.46066209098972));
#2759=CARTESIAN_POINT('Ctrl Pts',(27.3089906892931,11.0495976010591,8.54834930551139));
#2760=CARTESIAN_POINT('Ctrl Pts',(31.0436261791904,11.0404413770318,9.79068976945075));
#2761=CARTESIAN_POINT('',(5.02008845468416,11.5361464836356,0.727150218019339));
#2762=CARTESIAN_POINT('Ctrl Pts',(4.45957998419065,8.16278603598661,2.41978374339474));
#2763=CARTESIAN_POINT('Ctrl Pts',(4.6316525147819,8.84289059638692,2.10197805601611));
#2764=CARTESIAN_POINT('Ctrl Pts',(4.76970444531587,9.52390638779021,1.76524192032788));
#2765=CARTESIAN_POINT('Ctrl Pts',(4.87058510333035,10.2044865963646,1.41801931726288));
#2766=CARTESIAN_POINT('Ctrl Pts',(4.93637811291,10.6483518631437,1.1915654013254));
#2767=CARTESIAN_POINT('Ctrl Pts',(4.9864558071829,11.092284854177,0.960543145321638));
#2768=CARTESIAN_POINT('Ctrl Pts',(5.02008845468416,11.5361464836356,0.727150218019339));
#2769=CARTESIAN_POINT('Ctrl Pts',(5.02008845468416,11.5361464836356,0.727150218019339));
#2770=CARTESIAN_POINT('Ctrl Pts',(7.48530721227358,11.3443029510976,1.63114302120873));
#2771=CARTESIAN_POINT('Ctrl Pts',(12.4109746571015,11.1655792846644,3.45385700214787));
#2772=CARTESIAN_POINT('Ctrl Pts',(19.7756797550034,11.0849390570435,6.00528041716422));
#2773=CARTESIAN_POINT('Ctrl Pts',(24.6726940606943,11.0605910365974,7.66034384133025));
#2774=CARTESIAN_POINT('Ctrl Pts',(27.0857516962323,11.0520220078361,8.46927084060166));
#2775=CARTESIAN_POINT('Ctrl Pts',(3.91081197849806,8.62649848751686,3.11537311871886));
#2776=CARTESIAN_POINT('Ctrl Pts',(4.09371532781413,8.47187967966951,2.88353157761818));
#2777=CARTESIAN_POINT('Ctrl Pts',(4.27661867713021,8.31726087182216,2.6516900365175));
#2778=CARTESIAN_POINT('Ctrl Pts',(4.45952202644628,8.16264206397481,2.41984849541683));
#2779=CARTESIAN_POINT('Ctrl Pts',(4.27767027128201,9.75099899167791,2.6548460000857));
#2780=CARTESIAN_POINT('Ctrl Pts',(4.43316281526215,9.59638377482699,2.40136050351611));
#2781=CARTESIAN_POINT('Ctrl Pts',(4.58864836031051,9.44181921527379,2.1478859681327));
#2782=CARTESIAN_POINT('Ctrl Pts',(4.74414090429066,9.28720399842287,1.8944004715631));
#2783=CARTESIAN_POINT('Ctrl Pts',(4.56225268467704,10.875499495839,2.12897174127278));
#2784=CARTESIAN_POINT('Ctrl Pts',(4.68647130251724,10.720886187543,1.85878122783719));
#2785=CARTESIAN_POINT('Ctrl Pts',(4.81066813007072,10.5663235310153,1.58859587288312));
#2786=CARTESIAN_POINT('Ctrl Pts',(4.93488674791092,10.4117102227193,1.31840535944753));
#2787=CARTESIAN_POINT('Ctrl Pts',(4.74712738820952,12.,1.56996227983703));
#2788=CARTESIAN_POINT('Ctrl Pts',(4.83811441036773,11.8453821612119,1.2890249258978));
#2789=CARTESIAN_POINT('Ctrl Pts',(4.92910143252595,11.6907643224237,1.00808757195857));
#2790=CARTESIAN_POINT('Ctrl Pts',(5.02008845468416,11.5361464836356,0.727150218019339));
#2791=CARTESIAN_POINT('',(4.74712738820952,12.,1.56996227983703));
#2792=CARTESIAN_POINT('Ctrl Pts',(4.74712738820952,12.,1.56996227983703));
#2793=CARTESIAN_POINT('Ctrl Pts',(4.83811441036773,11.8453821612119,1.2890249258978));
#2794=CARTESIAN_POINT('Ctrl Pts',(4.92910143252595,11.6907643224237,1.00808757195857));
#2795=CARTESIAN_POINT('Ctrl Pts',(5.02008845468416,11.5361464836356,0.727150218019339));
#2796=CARTESIAN_POINT('Ctrl Pts',(6.86524973470035,12.,2.25595736796496));
#2797=CARTESIAN_POINT('Ctrl Pts',(6.94698345088121,11.7906846595753,2.00359111389037));
#2798=CARTESIAN_POINT('Ctrl Pts',(7.03021526015768,11.582673061069,1.74659925167681));
#2799=CARTESIAN_POINT('Ctrl Pts',(7.11194897633854,11.3733577206443,1.49423299760223));
#2800=CARTESIAN_POINT('Ctrl Pts',(11.101494427682,12.,3.62794754422084));
#2801=CARTESIAN_POINT('Ctrl Pts',(11.1645702055094,11.7324629351222,3.43319073495123));
#2802=CARTESIAN_POINT('Ctrl Pts',(11.2275279208283,11.4646406136932,3.23879846304007));
#2803=CARTESIAN_POINT('Ctrl Pts',(11.2906036986557,11.1971035488153,3.04404165377047));
#2804=CARTESIAN_POINT('Ctrl Pts',(18.5149226403999,12.,6.02893035266861));
#2805=CARTESIAN_POINT('Ctrl Pts',(18.5583719690953,11.6962681757462,5.89477342408058));
#2806=CARTESIAN_POINT('Ctrl Pts',(18.6023521282265,11.3930467348342,5.75897746945912));
#2807=CARTESIAN_POINT('Ctrl Pts',(18.6458014569219,11.0893149105804,5.62482054087109));
#2808=CARTESIAN_POINT('Ctrl Pts',(23.810228506627,12.,7.74391807298846));
#2809=CARTESIAN_POINT('Ctrl Pts',(23.8464642694511,11.6879100969882,7.63203421214437));
#2810=CARTESIAN_POINT('Ctrl Pts',(23.8825642114352,11.3755604421808,7.52056972042014));
#2811=CARTESIAN_POINT('Ctrl Pts',(23.9187999742592,11.0634705391689,7.40868585957606));
#2812=CARTESIAN_POINT('Ctrl Pts',(26.9874120263633,12.,8.77291070518036));
#2813=CARTESIAN_POINT('Ctrl Pts',(27.0201527986789,11.6840578241386,8.67181820075379));
#2814=CARTESIAN_POINT('Ctrl Pts',(27.0528935709946,11.3681156482772,8.57072569632722));
#2815=CARTESIAN_POINT('Ctrl Pts',(27.0856343433102,11.0521734724157,8.46963319190065));
#2816=UNCERTAINTY_MEASURE_WITH_UNIT(LENGTH_MEASURE(0.01),#2820,
'DISTANCE_ACCURACY_VALUE',
'Maximum model space distance between geometric entities at asserted c
onnectivities');
#2817=UNCERTAINTY_MEASURE_WITH_UNIT(LENGTH_MEASURE(0.01),#2820,
'DISTANCE_ACCURACY_VALUE',
'Maximum model space distance between geometric entities at asserted c
onnectivities');
#2818=(
GEOMETRIC_REPRESENTATION_CONTEXT(3)
GLOBAL_UNCERTAINTY_ASSIGNED_CONTEXT((#2816))
GLOBAL_UNIT_ASSIGNED_CONTEXT((#2820,#2822,#2823))
REPRESENTATION_CONTEXT('','3D')
);
#2819=(
GEOMETRIC_REPRESENTATION_CONTEXT(3)
GLOBAL_UNCERTAINTY_ASSIGNED_CONTEXT((#2817))
GLOBAL_UNIT_ASSIGNED_CONTEXT((#2820,#2822,#2823))
REPRESENTATION_CONTEXT('','3D')
);
#2820=(
LENGTH_UNIT()
NAMED_UNIT(*)
SI_UNIT(.MILLI.,.METRE.)
);
#2821=(
LENGTH_UNIT()
NAMED_UNIT(*)
SI_UNIT($,.METRE.)
);
#2822=(
NAMED_UNIT(*)
PLANE_ANGLE_UNIT()
SI_UNIT($,.RADIAN.)
);
#2823=(
NAMED_UNIT(*)
SI_UNIT($,.STERADIAN.)
SOLID_ANGLE_UNIT()
);
#2824=SHAPE_DEFINITION_REPRESENTATION(#2825,#2826);
#2825=PRODUCT_DEFINITION_SHAPE('',$,#2828);
#2826=SHAPE_REPRESENTATION('',(#874),#2818);
#2827=PRODUCT_DEFINITION_CONTEXT('part definition',#2832,'design');
#2828=PRODUCT_DEFINITION('2026-09-25-14-58-54-551','prop',#2829,#2827);
#2829=PRODUCT_DEFINITION_FORMATION('',$,#2834);
#2830=PRODUCT_RELATED_PRODUCT_CATEGORY('prop','prop',(#2834));
#2831=APPLICATION_PROTOCOL_DEFINITION('international standard',
'automotive_design',2009,#2832);
#2832=APPLICATION_CONTEXT(
'Core Data for Automotive Mechanical Design Process');
#2833=PRODUCT_CONTEXT('part definition',#2832,'mechanical');
#2834=PRODUCT('2026-09-25-14-58-54-551','prop',$,(#2833));
#2835=PRESENTATION_STYLE_ASSIGNMENT((#2836));
#2836=SURFACE_STYLE_USAGE(.BOTH.,#2837);
#2837=SURFACE_SIDE_STYLE('',(#2838));
#2838=SURFACE_STYLE_FILL_AREA(#2839);
#2839=FILL_AREA_STYLE('Steel - Satin',(#2840));
#2840=FILL_AREA_STYLE_COLOUR('Steel - Satin',#2841);
#2841=COLOUR_RGB('Steel - Satin',0.627450980392157,0.627450980392157,0.627450980392157);
ENDSEC;
END-ISO-10303-21;
